instance,run,mean,variance,runtime_s,min,max,total_shots,archive_size
zero,1,199.97283403301734,106.22697188120324,1.4071595668792725,170.50138095713646,231.3527689174208,28344,5
zero,2,200.0010548676254,104.56187700627477,1.0799100399017334,159.85480018779685,229.88008827192536,28348,4
zero,3,199.97988924166933,97.10145835960427,1.0289952754974365,165.053792301001,227.67656974248237,28345,6
zero,4,200.0010548676254,109.6917601670269,1.096623182296753,158.92539752996976,233.54254380413022,28348,7
zero,5,200.01516528492948,110.82707260121224,1.0879523754119873,158.4306295892136,231.86281701475352,28350,3
zero,6,200.00811007627743,105.02285852243598,1.170975685119629,160.8912917349178,234.4757128943689,28349,4
zero,7,199.99399965897337,106.5517524618519,1.0033659934997559,166.40835963472574,232.71194177401009,28347,5
zero,8,199.99399965897337,111.38114918511538,1.1032838821411133,160.62734739765904,231.85188701381122,28347,7
zero,9,200.00811007627746,112.0734616355661,1.045872449874878,157.00954013335027,234.86703210206903,28349,5
zero,10,199.97988924166933,109.25678959387578,1.0743746757507324,160.49225946827318,230.196262940905,28345,5
zero,11,200.00811007627743,106.90906484030178,1.0034575462341309,157.03904253694859,233.38895292768677,28349,7
zero,12,200.01516528492948,102.42810166833736,1.0444295406341553,157.4832943788191,228.51203180673645,28350,6
zero,13,200.00811007627743,111.10403069069307,1.0110840797424316,166.62365810685435,233.6864125488909,28349,5
zero,14,200.0010548676254,107.57229966747784,1.0974054336547852,154.74493499542643,232.24769803854394,28348,6
zero,15,199.9939996589734,109.87674351119152,1.0357811450958252,154.52176206027036,232.52454853805705,28347,3
zero,16,199.99399965897337,108.40011988060125,1.0970041751861572,165.9210545960825,233.7881599963976,28347,3
zero,17,200.00811007627743,106.40784866592921,1.1251049041748047,165.61860913615953,231.238486149314,28349,4
zero,18,199.98694445032137,116.73993437357618,1.1340980529785156,159.87305633167503,229.47953912860697,28346,5
zero,19,200.0010548676254,112.72779519409629,1.1415326595306396,147.44301946200528,239.86495573826568,28348,4
zero,20,199.97988924166933,108.08292336112615,1.0300426483154297,163.94634456503525,228.9214133439874,28345,5
zero,21,199.93050278110516,116.2605848477388,1.0914068222045898,156.12849103190973,234.3479600762961,28338,6
zero,22,199.9939996589734,106.0964114038097,1.1450812816619873,160.83148194404725,230.93437503643145,28347,5
zero,23,200.0010548676254,115.70952896679987,1.1162686347961426,163.46849565204354,233.80836175805763,28348,6
zero,24,200.04338611953756,120.6471490541399,1.0983765125274658,159.76818253302682,231.55388916815292,28354,5
zero,25,199.95166840706122,118.6386484207687,1.2000372409820557,165.14350015100328,236.19381956943587,28341,6
random_1_30_seed7,1,199.99721599323604,177.0228322041357,1.1238298416137695,143.824603447554,239.53519202502233,26120,3
random_1_30_seed7,2,200.00427120188806,164.03851204544338,1.2916431427001953,154.21655672349644,236.84221259802862,26121,3
random_1_30_seed7,3,200.0183816191921,164.15035681564606,1.2309181690216064,154.0251421205955,241.89901246358198,26123,4
random_1_30_seed7,4,200.00427120188806,163.6676989045211,1.078552484512329,155.90886657876598,238.4295227542988,26121,3
random_1_30_seed7,5,199.99721599323604,171.7828731099195,1.333021879196167,154.76984368231058,237.51002130762856,26120,8
random_1_30_seed7,6,200.00427120188806,163.1239148152428,1.0453505516052246,160.4842548619582,243.26868273726632,26121,6
random_1_30_seed7,7,200.06071287110424,176.73431426546145,1.169248104095459,153.9026754534831,248.17361259227863,26129,7
random_1_30_seed7,8,200.02543682784412,166.69249052047059,1.2312726974487305,152.77715277649276,243.43556144450244,26124,6
random_1_30_seed7,9,199.990160784584,174.27585214445014,1.0807600021362305,151.0126354692469,239.9734727966887,26119,6
random_1_30_seed7,10,200.00427120188803,166.08424010114013,1.1992425918579102,142.34600465929762,240.06795163088492,26121,6
random_1_30_seed7,11,199.97605036727992,159.96682080755033,1.189117670059204,159.55656402415528,239.18080236353822,26117,5
random_1_30_seed7,12,199.990160784584,173.92233102956465,1.0644538402557373,145.18423186627524,241.78775274046933,26119,6
random_1_30_seed7,13,199.997215993236,161.6192962339617,1.1384303569793701,158.8576635630362,237.44580596987504,26120,6
random_1_30_seed7,14,199.98310557593194,171.83429814600814,1.0881867408752441,152.7903058841335,242.22538012110718,26118,4
random_1_30_seed7,15,199.990160784584,170.1220210891034,1.0922420024871826,153.80384910808232,243.86433780131372,26119,4
random_1_30_seed7,16,200.02543682784412,165.58359653581743,1.1480519771575928,153.16994440777103,242.9238013372027,26124,5
random_1_30_seed7,17,199.990160784584,164.4659925746992,1.0804519653320312,160.4280482854455,240.1444113993806,26119,3
random_1_30_seed7,18,200.01132641054005,158.6228086692462,1.0939443111419678,151.78115974154554,236.53180141714085,26122,5
random_1_30_seed7,19,199.990160784584,162.21676784122005,1.0753722190856934,163.8209641430662,239.9439038806677,26119,5
random_1_30_seed7,20,200.01132641054008,164.750996515137,1.0370063781738281,163.46504486531677,240.81785566368882,26122,6
random_1_30_seed7,21,199.99721599323604,164.03582933030046,1.1369609832763672,155.49075631466633,239.70352087466023,26120,4
random_1_30_seed7,22,199.97605036727992,159.3224996509217,1.142829418182373,159.87586066975737,239.62281832708805,26117,3
random_1_30_seed7,23,199.997215993236,168.49978091539833,1.0963068008422852,153.23341513115182,252.26958245486819,26120,6
random_1_30_seed7,24,199.99721599323604,154.66102002495364,1.058011770248413,162.07533964386877,238.04894051101792,26120,5
random_1_30_seed7,25,200.00427120188806,162.40084929037266,1.0123496055603027,152.66830440554267,237.5106545485371,26121,7
center30,1,199.98992868669018,124.14838456110242,0.9791915416717529,158.5300128608523,238.92100296012086,27911,8
center30,2,199.94759743477803,130.3758367561297,1.104036808013916,161.59374920045133,233.10952411907755,27905,6
center30,3,199.98992868669018,124.71474828266089,1.1054956912994385,152.78013551627157,240.05025274428084,27911,5
center30,4,199.9969838953422,115.72603940881942,1.1080968379974365,164.41520316017744,232.40094630030742,27912,4
center30,5,200.01109431264624,122.18447916158725,0.9778463840484619,155.28581111485704,232.95423620778257,27914,6
center30,6,200.00403910399422,129.82894577758248,0.999614953994751,161.89186069424284,238.04147732569808,27913,5
center30,7,200.01109431264624,114.54831509931348,0.9754960536956787,161.17268833590987,239.9806489752139,27914,5
center30,8,200.00403910399422,120.74613964255401,1.0634441375732422,152.56169793272466,233.2383074154166,27913,6
center30,9,200.00403910399422,121.51075863396125,1.0882277488708496,154.92771064723092,238.18884148537916,27913,6
center30,10,200.00403910399424,123.38260493014134,1.0492641925811768,158.8282115271409,238.86848810154177,27913,5
center30,11,199.9969838953422,123.47335292235893,1.1166260242462158,162.86137532862364,241.01369303592412,27912,4
center30,12,200.01814952129828,121.98065647896658,1.1247563362121582,159.0182884459847,233.56171469807828,27915,6
center30,13,200.01109431264624,123.9996929910874,0.9823062419891357,162.68066816483963,243.4976892588802,27914,6
center30,14,199.98992868669018,114.39529437263705,1.0040442943572998,164.2981865872165,234.6197472567219,27911,3
center30,15,200.0040391039942,120.28716274982942,1.0061652660369873,154.6496422767446,234.19746409449186,27913,3
center30,16,200.03931514725437,114.24610034853988,1.0764851570129395,154.23064134289,236.41709766019437,27918,4
center30,17,200.01814952129828,125.12879817040822,1.0427191257476807,158.45694155131417,238.97530470260577,27915,2
center30,18,199.95465264343005,130.63646931430816,0.9990234375,156.49797754646312,238.6252724827217,27906,6
center30,19,199.98287347803813,128.83892131899742,1.1157143115997314,165.90151059792703,233.4842387654884,27910,7
center30,20,199.9969838953422,110.54321603297674,1.0746831893920898,166.7529180353762,237.50418064943221,27912,4
center30,21,199.9969838953422,123.70991425007799,1.049816608428955,162.94794823734063,233.34676884098667,27912,2
center30,22,200.00403910399422,130.039112032783,1.1258246898651123,144.46969038974,238.5970000304274,27913,3
center30,23,199.9969838953422,114.07348337306684,0.9960861206054688,160.90850638000023,235.50411121793337,27912,2
center30,24,200.01109431264626,123.80072059325587,1.0331645011901855,158.85695260544185,235.26547108925945,27914,4
center30,25,199.9969838953422,112.21759451856798,0.995671272277832,165.04664419872904,239.44406196870514,27912,6
center100,1,199.9404502356678,209.59693550004377,1.0097885131835938,134.41648421878216,282.9281853563964,26888,7
center100,2,200.01100232218812,230.8205271628472,1.0062193870544434,134.5374346498324,260.34209168623966,26898,4
center100,3,199.98278148758,251.8202625488949,0.979384183883667,130.20734588519755,266.82529484502976,26894,9
center100,4,200.02511273949213,225.04869188942612,0.9995388984680176,123.37763470416775,260.79469173110715,26900,7
center100,5,200.05333357410026,234.8639866630379,0.9622526168823242,136.5746749263563,282.427762987347,26904,6
center100,6,200.01100232218812,260.4758601953282,1.0192863941192627,92.06548129924471,273.4723694134881,26898,4
center100,7,200.00394711353607,239.68640336970392,0.9924085140228271,126.14669043490696,277.8957064128855,26897,6
center100,8,199.96161586162393,240.08502779132505,0.9900517463684082,135.00610767414065,266.8983854168335,26891,8
center100,9,199.99689190488405,208.9680962497218,1.0190181732177734,135.36927402356412,266.19214535805673,26896,4
center100,10,199.989836696232,219.11421310762978,1.0492982864379883,130.5141679149769,270.3758418214497,26895,6
center100,11,199.96161586162393,232.46605610570518,1.0072689056396484,117.17108970331694,259.4116856512936,26891,6
center100,12,199.94750544431986,208.9579819527365,0.9753494262695312,121.8588574129461,273.6937600025599,26889,5
center100,13,200.01805753084014,229.62760783092062,0.9786949157714844,135.17775505202422,269.66432565867603,26899,4
center100,14,199.96161586162395,244.87877318067328,0.9697492122650146,129.5437466512277,269.6868687393827,26891,4
center100,15,200.02511273949216,234.62962927331282,1.0449156761169434,131.44939820945626,269.17585660846805,26900,5
center100,16,199.99689190488405,235.129147530088,1.0121512413024902,129.30959475610524,268.73223735531235,26896,5
center100,17,199.99689190488405,207.12943128961982,1.0267674922943115,132.4277199023417,260.56277753214454,26896,4
center100,18,199.98278148758,204.50509336876266,0.970566987991333,134.68224823562446,264.90724247884907,26894,3
center100,19,200.01805753084014,215.6586697138727,0.9753937721252441,139.22110295282624,280.3971344413143,26899,5
center100,20,199.99689190488405,239.50067656676794,1.0489931106567383,127.99912111776447,290.32037678672805,26896,2
center100,21,200.0180575308401,236.9123992284093,1.050976276397705,123.53249709410177,276.8455571283931,26899,4
center100,22,200.03216794814418,237.23734424986552,0.9765815734863281,118.40142875059072,278.00223645523363,26901,7
center100,23,199.9404502356678,242.72520074258009,0.9770781993865967,113.8200937205627,273.9716684374026,26888,5
center100,24,199.99689190488405,204.40007711678635,0.981285572052002,134.93235875991508,257.4294500684704,26896,3
center100,25,199.98983669623203,229.54508287138856,1.0122482776641846,139.34303747851976,273.3685571495479,26895,5
