iter,gbest_variance,gbest_mean,gbest_budget,gbest_fit
1,1135.0922835346355,200.3990387980495,26953,0.025739095778552417
10,701.2043384995923,198.07787515153305,26624,0.016738160040469102
20,624.584339532048,199.75701481071516,26862,0.01417464023411254
30,535.6477947652311,199.50302729924226,26826,0.012300561732595026
40,518.2959871013809,199.5453585511544,26832,0.011888980434202438
50,479.5984577647687,199.9263398183638,26886,0.010827795390524942
60,452.1020010684297,199.7922908539753,26867,0.01027614959705125
70,421.09092831220187,199.74290439341112,26860,0.009603093690318103
80,413.46158742431726,199.96867107027595,26892,0.009318550181908856
90,383.65870615277527,200.4272596326576,26957,0.008845950704764965
100,371.6351545475991,199.83462210588746,26873,0.008444479924376627
110,365.5759304945532,199.84167731453948,26874,0.008304619778857105
120,359.5087322536274,200.13799607792458,26916,0.008157944514668362
130,338.34287493237935,199.94750544431986,26889,0.007638961963818285
140,325.2350370830027,200.02511273949216,26900,0.007330344704113394
150,323.3225493138816,199.989836696232,26895,0.007279839011446128
160,309.58242757664266,200.06038878275228,26905,0.006995799011850277
170,302.94645846597996,200.0886096173604,26909,0.006860600124164354
180,296.6672210701581,199.989836696232,26895,0.006680094125962364
190,287.78413252344035,199.96161586162393,26891,0.006494335050965188
200,285.6961073818384,199.97572627892797,26893,0.0064402992766271604
210,278.54215120318986,200.03216794814418,26901,0.006283282376143624
220,277.26655206761643,199.99689190488405,26896,0.00624005146907918
230,274.6207393339064,200.02511273949216,26900,0.006191523004758756
240,272.60320522497204,199.989836696232,26895,0.00613865376944569
250,268.72336909052683,200.07449920005632,26907,0.006083525404564678
260,265.641079968962,200.0180575308401,26899,0.005985953064721506
270,259.60021232426516,199.94750544431986,26889,0.00586725205513576
280,256.9071451640848,199.98278148757998,26894,0.005789020022401729
290,255.23955460014986,200.00394711353607,26897,0.005744863535271255
300,249.1664738193358,199.94750544431986,26889,0.005632492938774855
310,248.0650510401756,200.06038878275228,26905,0.005611658039779803
320,246.52361803665553,199.96867107027595,26892,0.00556244587068656
330,241.6216289078002,199.94045023566784,26888,0.0054662615325913
340,237.16730888849997,200.0392231567962,26902,0.005355876028389117
350,233.56605449733615,200.0180575308401,26899,0.005264264991609942
360,231.9531428348273,199.97572627892797,26893,0.005231082574319442
370,230.07622144288325,199.97572627892797,26893,0.005188851843000701
380,228.5745445449429,199.96161586162393,26891,0.0051621193214490295
390,225.97120064454793,200.0180575308401,26899,0.005093380779922212
400,223.25916771894117,199.97572627892797,26893,0.005035468134212008
410,221.0040649899529,199.99689190488405,26896,0.004974145509831783
420,221.0040649899529,199.99689190488405,26896,0.004974145509831783
430,221.0040649899529,199.99689190488405,26896,0.004974145509831783
440,219.49213444964698,199.98278148757998,26894,0.004947182281326898
450,218.55892115247116,200.0180575308401,26899,0.004926604491350488
460,215.68129643132124,199.989836696232,26895,0.004857910821588579
470,213.72150287744444,199.9545606529719,26890,0.004831453488256313
480,208.8163052861928,200.0110023221881,26898,0.00470386803003324
490,208.48829923301673,199.98278148757998,26894,0.0046995959889527235
500,207.12943128959887,199.99689190488405,26896,0.004661966251573824
510,206.71078568846133,199.98278148757998,26894,0.004659601934200229
520,206.85897332144668,199.99689190488405,26896,0.004655880947290401
530,205.4214209342972,200.0180575308401,26899,0.004631010736441582
540,204.10566375603958,199.99689190488405,26896,0.0045939314820687424
550,204.10566375603958,199.99689190488405,26896,0.0045939314820687424
560,202.4880475912796,199.98278148757998,26894,0.004564590327013642
570,202.4880475912796,199.98278148757998,26894,0.004564590327013642
580,202.10694207722554,200.02511273949216,26900,0.004559962566483478
590,200.84100086764374,199.99689190488405,26896,0.004520476567079838
600,200.0070938509234,199.99689190488405,26896,0.004501713659203631
610,198.9802195571101,200.03216794814418,26901,0.004493138914106873
620,198.69503211740812,199.99689190488405,26896,0.004472192270199538
630,198.69503211740812,199.99689190488405,26896,0.004472192270199538
640,197.63315996500023,199.99689190488405,26896,0.004448300146770361
650,196.55823450823664,200.00394711353607,26897,0.00442453383320324
660,194.33889785268548,200.00394711353607,26897,0.00437459875845334
670,194.2063732262177,200.00394711353607,26897,0.004371616954357815
680,192.72959758024808,199.989836696232,26895,0.004341497597439447
690,192.6587679622171,200.00394711353607,26897,0.004336795835917802
700,192.039112246297,199.99689190488405,26896,0.004322434073099541
710,191.6088864279809,199.99689190488405,26896,0.004312753992187429
720,190.77309611160308,199.99689190488405,26896,0.004293948710068929
730,190.1173076003688,200.0110023221881,26898,0.00428314058210221
740,189.4855103472437,200.00394711353607,26897,0.004265397539580902
750,189.09499335306464,199.989836696232,26895,0.004259719002327821
760,188.36860565408278,200.0110023221881,26898,0.0042437947883107755
770,187.88979719844792,199.99689190488405,26896,0.004229074484522939
780,187.76669647565723,200.00394711353607,26897,0.004226724227470208
790,187.4186334942351,200.0180575308401,26899,0.004225948019040195
800,186.37438038051187,199.99689190488405,26896,0.0041949776061193786
810,186.37438038051187,199.99689190488405,26896,0.0041949776061193786
820,185.49569127269206,200.0110023221881,26898,0.004179154214729486
830,183.47103905883705,199.99689190488405,26896,0.0041296524263816975
840,183.47103905883705,199.99689190488405,26896,0.0041296524263816975
850,182.53690334049315,199.989836696232,26895,0.004112161977044966
860,181.26406308004516,200.0110023221881,26898,0.004083942580394933
870,180.7632571678987,200.0110023221881,26898,0.004072674447371638
880,180.40985481959797,199.99689190488405,26896,0.004060775780998819
890,180.16443045789492,199.989836696232,26895,0.004058781337186508
900,178.74413320427266,200.02511273949216,26900,0.0040342993668420505
910,178.66648352635093,200.00394711353607,26897,0.004021969436110821
920,178.66648352635093,200.00394711353607,26897,0.004021969436110821
930,177.96899554048287,200.0110023221881,26898,0.004009803560754783
940,177.1649451209014,200.00394711353607,26897,0.003988184821988208
950,176.12648717175034,200.0110023221881,26898,0.003968347122458302
960,175.8907218841996,200.00394711353607,26897,0.003959514799162418
970,175.37044424573833,199.989836696232,26895,0.0039509166474129866
980,175.20663456442708,200.00394711353607,26897,0.003944122834467537
990,175.20663456442708,200.00394711353607,26897,0.003944122834467537
1000,175.17362411734211,199.99689190488405,26896,0.0039429605901980655
1010,174.83123026529938,199.99689190488405,26896,0.003935256728527104
1020,174.83123026529938,199.99689190488405,26896,0.003935256728527104
1030,174.34036906821711,200.0110023221881,26898,0.003928159465128805
1040,173.85311423234816,199.97572627892797,26893,0.003923831930763694
1050,173.86849091222393,199.99689190488405,26896,0.0039135950930829074
1060,173.47923910140526,200.00394711353607,26897,0.0039052564365495476
1070,173.47923910140526,200.00394711353607,26897,0.0039052564365495476
1080,173.34710378110321,199.99689190488405,26896,0.0039018638826326915
1090,173.28774944917677,200.00394711353607,26897,0.003900947919374406
1100,172.27869500100496,200.0110023221881,26898,0.003881771798616533
1110,172.3688591379905,199.99689190488405,26896,0.003879853378162656
1120,172.16067789572116,200.00394711353607,26897,0.0038755888094216553
1130,171.93548781680875,199.99689190488405,26896,0.0038701025234360665
1140,171.75118079815002,199.99689190488405,26896,0.003865955615516245
1150,171.19526204444992,199.99689190488405,26896,0.0038534474435579936
1160,171.16669740073849,199.99689190488405,26896,0.0038528047390744865
1170,171.10625476889254,199.99689190488405,26896,0.0038514447798579524
1180,171.10625476889254,199.99689190488405,26896,0.0038514447798579524
1190,170.99189883875079,199.99689190488405,26896,0.0038488717714297628
1200,170.71149569634872,200.00394711353607,26897,0.0038429822099357767
1210,170.24611875758274,200.00394711353607,26897,0.003832511228813542
1220,170.24611875758274,200.00394711353607,26897,0.003832511228813542
1230,170.02187955486443,200.00394711353607,26897,0.00382746584675238
1240,169.4987953452728,200.00394711353607,26897,0.0038156964520365696
1250,169.29314166117547,199.989836696232,26895,0.003814177339260326
1260,169.23956619153614,199.99689190488405,26896,0.0038094442868674347
1270,169.05269846910232,200.00394711353607,26897,0.0038056592723227337
1280,169.05269846910232,200.00394711353607,26897,0.0038056592723227337
1290,168.6802893940694,200.00394711353607,26897,0.003797280068134493
1300,168.5470415622185,200.00394711353607,26897,0.003794281991917848
1310,168.5470415622185,200.00394711353607,26897,0.003794281991917848
1320,168.4628086245575,199.99689190488405,26896,0.0037919672416104155
1330,168.4628086245575,199.99689190488405,26896,0.0037919672416104155
1340,168.4628086245575,199.99689190488405,26896,0.0037919672416104155
1350,167.7624797106473,199.99689190488405,26896,0.003776209841047437
1360,167.61506936208025,199.99689190488405,26896,0.003772893108204678
1370,167.61506936208025,199.99689190488405,26896,0.003772893108204678
1380,167.57900582273578,199.99689190488405,26896,0.0037720816785694273
1390,167.3267549604352,200.0110023221881,26898,0.003770353147703716
1400,167.2059359560153,200.00394711353607,26897,0.003764107115778277
1410,167.2059359560153,200.00394711353607,26897,0.003764107115778277
1420,167.08402531895263,200.00394711353607,26897,0.003761364126444367
1430,166.73242381233285,200.00394711353607,26897,0.0037534530925454218
1440,166.52506981636543,200.0110023221881,26898,0.003752315231962147
1450,166.52506981636543,200.0110023221881,26898,0.003752315231962147
1460,166.44988351091888,199.99689190488405,26896,0.0037466764265535477
1470,166.3821923410942,200.00394711353607,26897,0.003745572884442552
1480,166.33178266375035,200.00394711353607,26897,0.0037444386667023154
1490,166.33178266375035,200.00394711353607,26897,0.0037444386667023154
1500,166.33178266375035,200.00394711353607,26897,0.0037444386667023154
1510,166.0324699532939,200.0110023221881,26898,0.003741231735043038
1520,165.81675070251367,199.989836696232,26895,0.003735958542690438
1530,165.86233450515283,200.00394711353607,26897,0.003733876083133872
1540,165.86233450515283,200.00394711353607,26897,0.003733876083133872
1550,165.3107306301099,200.00394711353607,26897,0.0037214649959454063
1560,165.3107306301099,200.00394711353607,26897,0.0037214649959454063
1570,165.3107306301099,200.00394711353607,26897,0.0037214649959454063
1580,165.1401577614597,199.989836696232,26895,0.003720735201516724
1590,165.15683097224974,200.00394711353607,26897,0.003718002253643552
1600,164.85980250802095,199.989836696232,26895,0.0037144272083143516
1610,164.91380497504724,200.00394711353607,26897,0.0037125341687064967
1620,164.72674413560162,200.00394711353607,26897,0.00370832529981897
1630,164.63910922174546,200.00394711353607,26897,0.0037063535142572066
1640,164.63910922174546,200.00394711353607,26897,0.0037063535142572066
1650,164.40783391673176,199.99689190488405,26896,0.003700730310684339
1660,164.20182929761359,200.00394711353607,26897,0.00369651471596424
1670,164.20182929761359,200.00394711353607,26897,0.00369651471596424
1680,163.4684131171307,199.989836696232,26895,0.0036831209470193217
1690,163.33065705776244,200.00394711353607,26897,0.003676913340567589
1700,163.20158126579918,199.99689190488405,26896,0.0036735896260383562
1710,163.1386711398518,200.00394711353607,26897,0.0036725936574146002
1720,163.1386711398518,200.00394711353607,26897,0.0036725936574146002
1730,162.9897779698149,200.00394711353607,26897,0.0036692435610887696
1740,162.9897779698149,200.00394711353607,26897,0.0036692435610887696
1750,162.97613765481947,199.99689190488405,26896,0.003668517144791313
1760,162.89625675867137,199.99689190488405,26896,0.0036667198246279806
1770,162.89625675867137,199.99689190488405,26896,0.0036667198246279806
1780,162.79738278548757,199.99689190488405,26896,0.003664495160231345
1790,162.59055130033812,199.989836696232,26895,0.0036633690561414895
1800,162.62800663078087,200.00394711353607,26897,0.0036611037059605047
1810,162.615790219701,200.00394711353607,26897,0.0036608288367112073
1820,162.11221601202124,200.0110023221881,26898,0.0036530260213644052
1830,162.07669832524698,199.989836696232,26895,0.003651807364201939
1840,162.18183029566717,199.99689190488405,26896,0.0036506452292103865
1850,162.18183029566717,199.99689190488405,26896,0.0036506452292103865
1860,162.06574404810817,200.00394711353607,26897,0.0036484527978503686
1870,162.06574404810817,200.00394711353607,26897,0.0036484527978503686
1880,162.02310166013194,200.00394711353607,26897,0.0036474933441209044
1890,161.73224326895433,199.99689190488405,26896,0.0036405295211093484
1900,161.73224326895433,199.99689190488405,26896,0.0036405295211093484
1910,161.7023780110103,199.99689190488405,26896,0.0036398575528056075
1920,161.7023780110103,199.99689190488405,26896,0.0036398575528056075
1930,161.7023780110103,199.99689190488405,26896,0.0036398575528056075
1940,161.64488659552444,200.00394711353607,26897,0.0036389835051672354
1950,161.58471624618687,199.99689190488405,26896,0.0036372101630970806
1960,161.48571663435723,199.99689190488405,26896,0.0036349826718309135
1970,161.4118481382102,199.99689190488405,26896,0.003633320630667605
1980,161.4118481382102,199.99689190488405,26896,0.003633320630667605
1990,161.4118481382102,199.99689190488405,26896,0.003633320630667605
2000,161.2753340814379,199.99689190488405,26896,0.0036302490643902287
2010,161.2753340814379,199.99689190488405,26896,0.0036302490643902287
2020,161.19347927525814,200.00394711353607,26897,0.003628826840461244
2030,161.1021271335121,199.99689190488405,26896,0.003626351908061898
2040,161.1021271335121,199.99689190488405,26896,0.003626351908061898
2050,161.0436215398513,199.99689190488405,26896,0.00362503553220453
2060,160.9144257924927,199.99689190488405,26896,0.0036221286278889614
2070,160.78729723494325,199.99689190488405,26896,0.0036192682353440994
2080,160.56056806525885,199.99689190488405,26896,0.0036141668290262004
2090,160.45716066371824,200.00394711353607,26897,0.0036122596717015963
2100,160.45716066371824,200.00394711353607,26897,0.0036122596717015963
2110,160.45716066371824,200.00394711353607,26897,0.0036122596717015963
2120,160.45716066371824,200.00394711353607,26897,0.0036122596717015963
2130,160.35081504885602,199.99689190488405,26896,0.003609447386157137
2140,160.28502748569736,200.00394711353607,26897,0.0036083866751961268
2150,160.22777948292787,200.00394711353607,26897,0.0036070985951338137
2160,159.8624968185759,199.99689190488405,26896,0.0035984602259758348
2170,159.8624968185759,199.99689190488405,26896,0.0035984602259758348
2180,159.78221307977947,199.99689190488405,26896,0.0035966538418529146
2190,159.4143430870172,199.99689190488405,26896,0.003588376767015764
2200,159.27097774510185,200.00394711353607,26897,0.0035855705560327283
2210,159.21594692433428,200.00394711353607,26897,0.003584332362565458
2220,159.16175926949654,199.99689190488405,26896,0.003582693631121549
2230,158.9902570737686,199.99689190488405,26896,0.0035788348317176704
2240,158.8268851177054,199.99689190488405,26896,0.003575158962706248
2250,158.8268851177054,199.99689190488405,26896,0.003575158962706248
2260,158.69385137853533,199.99689190488405,26896,0.0035721657035749223
2270,158.69385137853533,199.99689190488405,26896,0.0035721657035749223
2280,158.49410074308253,199.99689190488405,26896,0.003567671314277234
2290,158.4235345866764,200.00394711353607,26897,0.0035665030849681557
2300,158.4286074210322,199.99689190488405,26896,0.003566197714531102
2310,158.21971933322493,199.99689190488405,26896,0.0035614977325554385
2320,158.1788498881433,199.99689190488405,26896,0.0035605781700411023
2330,158.02956793412886,200.00394711353607,26897,0.003557638835285837
2340,157.98270454876183,199.99689190488405,26896,0.0035561648999050187
2350,157.84026583137893,200.00394711353607,26897,0.0035533795379739633
2360,157.84026583137893,200.00394711353607,26897,0.0035533795379739633
2370,157.83700859142846,199.99689190488405,26896,0.003552886740865018
2380,157.77034795926738,199.99689190488405,26896,0.0035513868766413937
2390,157.7495062552116,200.00394711353607,26897,0.003551337447510199
2400,157.64705969564238,199.99689190488405,26896,0.0035486128907098314
2410,157.64705969564238,199.99689190488405,26896,0.0035486128907098314
2420,157.64705969564238,199.99689190488405,26896,0.0035486128907098314
2430,157.57025874240207,199.99689190488405,26896,0.0035468848692619243
2440,157.47587382406346,199.99689190488405,26896,0.0035447612085993054
2450,157.47587382406346,199.99689190488405,26896,0.0035447612085993054
2460,157.47587382406346,199.99689190488405,26896,0.0035447612085993054
2470,157.47587382406346,199.99689190488405,26896,0.0035447612085993054
2480,157.38823395210056,200.00394711353607,26897,0.0035432088206902
2490,157.32638372869405,199.99689190488405,26896,0.0035413976814534947
2500,157.32638372869405,199.99689190488405,26896,0.0035413976814534947
2510,157.32638372869405,199.99689190488405,26896,0.0035413976814534947
2520,157.15772921148164,200.00394711353607,26897,0.003538022464026275
2530,157.12865922861965,199.99689190488405,26896,0.00353694888020182
2540,157.10148837118322,199.99689190488405,26896,0.003536337535909501
2550,157.10148837118322,199.99689190488405,26896,0.003536337535909501
2560,157.07824786094716,199.99689190488405,26896,0.0035358146244291893
2570,157.02044586785632,199.99689190488405,26896,0.0035345140795846456
2580,156.98276885729138,199.99689190488405,26896,0.003533666346846934
2590,156.93527760262805,199.99689190488405,26896,0.003532597793617009
2600,156.88798394454352,199.99689190488405,26896,0.0035315336863101076
2610,156.86456691588683,199.99689190488405,26896,0.0035310068031653317
2620,156.7105608833008,199.99689190488405,26896,0.0035275416674321464
2630,156.67245028341858,199.99689190488405,26896,0.0035266841789347966
2640,156.6096476225066,199.99689190488405,26896,0.0035252711190642775
2650,156.41178876748018,199.99689190488405,26896,0.0035208192948261827
2660,156.34713137563085,200.00394711353607,26897,0.003519784012719633
2670,156.32056825575273,200.00394711353607,26897,0.003519186342522375
2680,156.32056825575273,200.00394711353607,26897,0.003519186342522375
2690,156.18725526187336,199.99689190488405,26896,0.0035157672909500296
2700,155.84613047240418,200.00394711353607,26897,0.0035085114923970326
2710,155.26497302856296,200.00394711353607,26897,0.003495435449910606
2720,155.26497302856296,200.00394711353607,26897,0.003495435449910606
2730,155.12607588204992,200.00394711353607,26897,0.0034923102641140624
2740,155.00418545064167,200.00394711353607,26897,0.0034895677294073772
2750,155.00418545064167,200.00394711353607,26897,0.0034895677294073772
2760,154.87547913020535,199.99689190488405,26896,0.0034862523279874996
2770,154.7724317974862,199.99689190488405,26896,0.003483933763001319
2780,154.7724317974862,199.99689190488405,26896,0.003483933763001319
2790,154.7724317974862,199.99689190488405,26896,0.003483933763001319
2800,154.6956265054905,199.99689190488405,26896,0.003482205643931416
2810,154.64906450744456,199.99689190488405,26896,0.0034811579989753824
2820,154.5200210962721,200.00394711353607,26897,0.0034786740314340617
2830,154.5200210962721,200.00394711353607,26897,0.0034786740314340617
2840,154.43472171238682,200.00394711353607,26897,0.0034767547952966426
2850,154.43472171238682,200.00394711353607,26897,0.0034767547952966426
2860,154.43472171238682,200.00394711353607,26897,0.0034767547952966426
2870,154.40964818803332,199.99689190488405,26896,0.003475771131788629
2880,154.3336882837466,199.99689190488405,26896,0.003474062033942178
2890,154.3336882837466,199.99689190488405,26896,0.003474062033942178
2900,154.3336882837466,199.99689190488405,26896,0.003474062033942178
2910,154.3043480737324,200.00394711353607,26897,0.0034738213884269184
2920,154.23691963641613,200.00394711353607,26897,0.003472304248587303
2930,154.18349330616184,199.99689190488405,26896,0.0034706826469465216
2940,154.18349330616184,199.99689190488405,26896,0.0034706826469465216
2950,154.11622382824862,200.00394711353607,26897,0.003469588592903534
2960,153.9883432518982,199.99689190488405,26896,0.003466291770725589
2970,153.96219769193704,199.99689190488405,26896,0.0034657034956264636
2980,153.96219769193704,199.99689190488405,26896,0.0034657034956264636
2990,153.85633406275156,199.99689190488405,26896,0.00346332156396979
3000,153.85633406275156,199.99689190488405,26896,0.00346332156396979
3010,153.74228914522246,199.99689190488405,26896,0.0034607555533253858
3020,153.74228914522246,199.99689190488405,26896,0.0034607555533253858
3030,153.6738451450874,199.99689190488405,26896,0.003459215563322347
3040,153.3631320558634,199.99689190488405,26896,0.003452224518814807
3050,153.3631320558634,199.99689190488405,26896,0.003452224518814807
3060,153.3631320558634,199.99689190488405,26896,0.003452224518814807
3070,153.3631320558634,199.99689190488405,26896,0.003452224518814807
3080,153.3631320558634,199.99689190488405,26896,0.003452224518814807
3090,153.2593746664861,200.00394711353607,26897,0.0034503094867638774
3100,153.2593746664861,200.00394711353607,26897,0.0034503094867638774
3110,153.2153950998836,199.99689190488405,26896,0.0034489004373052614
3120,153.2153950998836,199.99689190488405,26896,0.0034489004373052614
3130,153.14209845825826,200.00394711353607,26897,0.003447670772078751
3140,153.06318229213502,200.00394711353607,26897,0.0034458951583409784
3150,152.98027550190454,200.00394711353607,26897,0.0034440297555607922
3160,152.98027550190454,200.00394711353607,26897,0.0034440297555607922
3170,152.9516455858393,199.99689190488405,26896,0.0034429660732392645
3180,152.9516455858393,199.99689190488405,26896,0.0034429660732392645
3190,152.9255572796901,200.00394711353607,26897,0.0034427985955609677
3200,152.90924623335013,200.00394711353607,26897,0.0034424315970183186
3210,152.92040954295953,199.99689190488405,26896,0.00344226326227447
3220,152.83437888501794,199.99689190488405,26896,0.0034403275724707843
3230,152.82068757337402,199.99689190488405,26896,0.0034400195179587964
3240,152.8181950795697,199.99689190488405,26896,0.0034399634368481994
3250,152.8181950795697,199.99689190488405,26896,0.0034399634368481994
3260,152.68434239320777,199.99689190488405,26896,0.0034369517514050555
3270,152.68434239320777,199.99689190488405,26896,0.0034369517514050555
3280,152.68152340321103,199.99689190488405,26896,0.0034368883241301285
3290,152.68152340321103,199.99689190488405,26896,0.0034368883241301285
3300,152.62435793701297,199.99689190488405,26896,0.003435602101140673
3310,152.62435793701297,199.99689190488405,26896,0.003435602101140673
3320,152.6039354883178,200.00394711353607,26897,0.0034355621052550907
3330,152.59457099228166,199.99689190488405,26896,0.003434931894884218
3340,152.5858173917586,199.99689190488405,26896,0.0034347349388724495
3350,152.36883027129807,199.99689190488405,26896,0.0034298527286620874
3360,152.0878896503491,200.00394711353607,26897,0.003423951073900796
3370,151.92312396618945,199.99689190488405,26896,0.0034198243367971437
3380,151.84700415475527,199.99689190488405,26896,0.0034181116410398745
3390,151.82416193784593,199.99689190488405,26896,0.003417597691159415
3400,151.63694263906655,200.00394711353607,26897,0.0034138047661469383
3410,151.4294652269018,199.989836696232,26895,0.0034122446194891787
3420,151.53122862264718,200.00394711353607,26897,0.0034114262007775022
3430,151.54267611066462,199.99689190488405,26896,0.0034112642600478355
3440,151.54267611066462,199.99689190488405,26896,0.0034112642600478355
3450,151.28112682957726,200.0110023221881,26898,0.0034093265147594216
3460,151.12044127439003,199.99689190488405,26896,0.0034017639762316575
3470,151.12044127439003,199.99689190488405,26896,0.0034017639762316575
3480,151.12044127439003,199.99689190488405,26896,0.0034017639762316575
3490,151.07864745850384,199.99689190488405,26896,0.003400823615374218
3500,151.07864745850384,199.99689190488405,26896,0.003400823615374218
3510,151.05781677546474,200.00394711353607,26897,0.003400774434215898
3520,150.90831552683085,199.99689190488405,26896,0.0033969911469115756
3530,150.80287644961936,200.00394711353607,26897,0.003395038276884377
3540,150.80287644961936,200.00394711353607,26897,0.003395038276884377
3550,150.7198972921542,199.99689190488405,26896,0.0033927517366313517
3560,150.7198972921542,199.99689190488405,26896,0.0033927517366313517
3570,150.7198972921542,199.99689190488405,26896,0.0033927517366313517
3580,150.61986446552328,199.99689190488405,26896,0.003390500998032156
3590,150.59583168843528,200.00394711353607,26897,0.0033903797697577356
3600,150.5708624238614,200.00394711353607,26897,0.0033898179613048233
3610,150.5708624238614,200.00394711353607,26897,0.0033898179613048233
3620,150.55795910573215,200.00394711353607,26897,0.003389527636646915
3630,150.5535843491234,199.99689190488405,26896,0.0033890096954131586
3640,150.5535843491234,199.99689190488405,26896,0.0033890096954131586
3650,150.53147938606708,200.00394711353607,26897,0.0033889318429544506
3660,150.48992834474484,199.99689190488405,26896,0.003387577435314641
3670,150.43185459714005,200.00394711353607,26897,0.0033866902852035924
3680,150.4020795653778,199.99689190488405,26896,0.003385600837778882
3690,150.39587160201336,199.99689190488405,26896,0.0033854611586031824
3700,150.39587160201336,199.99689190488405,26896,0.0033854611586031824
3710,150.39587160201336,199.99689190488405,26896,0.0033854611586031824
3720,150.31031630076905,199.99689190488405,26896,0.0033835361643251853
3730,150.2464694733644,200.00394711353607,26897,0.003382519119918641
3740,150.23207129736693,199.99689190488405,26896,0.003381775651748638
3750,150.22169494145783,199.99689190488405,26896,0.0033815421837406832
3760,150.01835696128546,199.99689190488405,26896,0.003376967079186805
3770,150.01835696128546,199.99689190488405,26896,0.003376967079186805
3780,150.01835696128546,199.99689190488405,26896,0.003376967079186805
3790,149.98581809867756,200.00394711353607,26897,0.003376654463988187
3800,149.98581809867756,200.00394711353607,26897,0.003376654463988187
3810,149.98565181816957,199.99689190488405,26896,0.0033762312134666974
3820,149.954167391159,199.99689190488405,26896,0.00337552281385896
3830,149.954167391159,199.99689190488405,26896,0.00337552281385896
3840,149.954167391159,199.99689190488405,26896,0.00337552281385896
3850,149.954167391159,199.99689190488405,26896,0.00337552281385896
3860,149.9252963238614,199.99689190488405,26896,0.003374873214844764
3870,149.9252963238614,199.99689190488405,26896,0.003374873214844764
3880,149.88557146658422,199.99689190488405,26896,0.003373979405556027
3890,149.84201600871165,199.99689190488405,26896,0.0033729994077538947
3900,149.84201600871165,199.99689190488405,26896,0.0033729994077538947
3910,149.84201600871165,199.99689190488405,26896,0.0033729994077538947
3920,149.7614598203436,200.00394711353607,26897,0.0033716064027256728
3930,149.75631297775544,199.99689190488405,26896,0.0033710710895573795
3940,149.66821948321012,199.99689190488405,26896,0.0033690889859301102
3950,149.60633873280312,199.99689190488405,26896,0.003367696669045953
3960,149.5644293586156,200.00394711353607,26897,0.003367173217336793
3970,149.52844785369234,199.99689190488405,26896,0.0033659441242659604
3980,149.52544031036086,199.99689190488405,26896,0.0033658764545410023
3990,149.51887440164865,199.99689190488405,26896,0.003365728721594977
4000,149.50165769126033,199.99689190488405,26896,0.00336534134561124
4010,149.50165769126033,199.99689190488405,26896,0.00336534134561124
4020,149.4940053495302,199.99689190488405,26896,0.003365169167922312
4030,149.49366248990555,199.99689190488405,26896,0.0033651614535807573
4040,149.40738127115037,199.99689190488405,26896,0.0033632201261587663
4050,149.40738127115037,199.99689190488405,26896,0.0033632201261587663
4060,149.28061816693662,199.99689190488405,26896,0.003360367956313957
4070,149.2565458512836,199.99689190488405,26896,0.0033598263292117635
4080,149.2565458512836,199.99689190488405,26896,0.0033598263292117635
4090,149.2565458512836,199.99689190488405,26896,0.0033598263292117635
4100,149.2035225693544,200.00394711353607,26897,0.003359052814578416
4110,149.2035225693544,200.00394711353607,26897,0.003359052814578416
4120,149.17974616146967,199.99689190488405,26896,0.0033580983361909504
4130,149.17457808133622,199.99689190488405,26896,0.003357982054387948
4140,149.17457808133622,199.99689190488405,26896,0.003357982054387948
4150,149.10113104909396,200.00394711353607,26897,0.003356749005372557
4160,149.05776651237102,200.00394711353607,26897,0.0033557733032962907
4170,149.0707649911419,199.99689190488405,26896,0.0033556462598585755
4180,149.03682530524384,199.99689190488405,26896,0.0033548826169258693
4190,149.03682530524384,199.99689190488405,26896,0.0033548826169258693
4200,148.99143510148133,200.00394711353607,26897,0.0033542808465512725
4210,148.99143510148133,200.00394711353607,26897,0.0033542808465512725
4220,148.99143510148133,200.00394711353607,26897,0.0033542808465512725
4230,148.98477903736057,199.99689190488405,26896,0.0033537115758984957
4240,148.9721903831669,199.99689190488405,26896,0.003353428331179138
4250,148.96918607418047,199.99689190488405,26896,0.0033533607342269437
4260,148.86445122704754,200.00394711353607,26897,0.0033514237093765125
4270,148.82610777446826,199.99689190488405,26896,0.0033501414724834188
4280,148.765849161573,199.99689190488405,26896,0.003348785653693275
4290,148.74617051885434,199.99689190488405,26896,0.0033483428842321057
4300,148.7145723184076,199.99689190488405,26896,0.0033476319247220535
4310,148.65281144247274,199.99689190488405,26896,0.00334624230501352
4320,148.5808933622102,199.99689190488405,26896,0.0033446241482076124
4330,148.5808933622102,199.99689190488405,26896,0.0033446241482076124
4340,148.5808933622102,199.99689190488405,26896,0.0033446241482076124
4350,148.4982125726965,200.00394711353607,26897,0.0033431833396536143
4360,148.4982125726965,200.00394711353607,26897,0.0033431833396536143
4370,148.4585596363031,199.99689190488405,26896,0.003341871639374703
4380,148.4585596363031,199.99689190488405,26896,0.003341871639374703
4390,148.42708533215773,199.99689190488405,26896,0.0033411634675314323
4400,148.42708533215773,199.99689190488405,26896,0.0033411634675314323
4410,148.42708533215773,199.99689190488405,26896,0.0033411634675314323
4420,148.42708533215773,199.99689190488405,26896,0.0033411634675314323
4430,148.4179603824814,199.99689190488405,26896,0.0033409581561637145
4440,148.40968027299095,199.99689190488405,26896,0.0033407718537001798
4450,148.38285364479088,199.99689190488405,26896,0.003340168254565678
4460,148.3659501260845,199.99689190488405,26896,0.003339787925394784
4470,148.3446077402332,199.99689190488405,26896,0.00333930772171313
4480,148.29747528430016,200.00394711353607,26897,0.0033386667506646968
4490,148.2923766181848,199.99689190488405,26896,0.003338132521467041
4500,148.28213370872982,199.99689190488405,26896,0.003337902056004304
4510,148.2737523966207,199.99689190488405,26896,0.0033377134764818487
4520,148.2737523966207,199.99689190488405,26896,0.0033377134764818487
4530,148.1829104224962,200.00394711353607,26897,0.0033360890412741074
4540,148.14046012153267,200.00394711353607,26897,0.0033351339095024283
4550,148.12851507031883,200.00394711353607,26897,0.003334865145850117
4560,148.12447884517314,199.99689190488405,26896,0.0033343548215742794
4570,148.10554417478124,199.99689190488405,26896,0.003333928791490461
4580,148.08630047988117,199.99689190488405,26896,0.0033334958083552097
4590,148.08630047988117,199.99689190488405,26896,0.0033334958083552097
4600,148.06164362703566,199.99689190488405,26896,0.003332941029166186
4610,148.03422554178542,199.99689190488405,26896,0.0033323241222480557
4620,148.032982274628,199.99689190488405,26896,0.003332296148737014
4630,148.02635475629359,199.99689190488405,26896,0.003332147029574489
4640,148.02441406860453,199.99689190488405,26896,0.003332103364101485
4650,148.01049704587058,199.99689190488405,26896,0.003331790231089971
4660,147.9907874779601,199.99689190488405,26896,0.0033313467658119857
4670,147.60160209642345,200.00394711353607,26897,0.003323009603937471
4680,147.5118569534534,200.00394711353607,26897,0.003320990338220645
4690,147.35652956119156,200.00394711353607,26897,0.003317495471894754
4700,147.12811543104908,199.99689190488405,26896,0.0033119366447564884
4710,147.0741042801892,200.00394711353607,26897,0.003311140903072201
4720,147.0722041260815,199.99689190488405,26896,0.0033106786403947173
4730,147.02000634205615,199.99689190488405,26896,0.0033095041902541475
4740,146.95641031976265,200.00394711353607,26897,0.0033084927889626033
4750,146.7546808962361,199.99689190488405,26896,0.0033035343677231964
4760,146.7546808962361,199.99689190488405,26896,0.0033035343677231964
4770,146.7546808962361,199.99689190488405,26896,0.0033035343677231964
4780,146.691735181048,200.00394711353607,26897,0.0033025375983415234
4790,146.67769335428602,200.00394711353607,26897,0.003302221657239379
4800,146.67769335428602,200.00394711353607,26897,0.003302221657239379
4810,146.6597985212793,199.99689190488405,26896,0.0033013995142866684
4820,146.6597985212793,199.99689190488405,26896,0.0033013995142866684
4830,146.6597985212793,199.99689190488405,26896,0.0033013995142866684
4840,146.65519350359682,199.99689190488405,26896,0.003301295901388812
4850,146.64102084803744,199.99689190488405,26896,0.0033009770166387265
4860,146.64102084803744,199.99689190488405,26896,0.0033009770166387265
4870,146.6256596684034,199.99689190488405,26896,0.0033006313900969604
4880,146.6256596684034,199.99689190488405,26896,0.0033006313900969604
4890,146.60111011384288,199.99689190488405,26896,0.003300079025119349
4900,146.60111011384288,199.99689190488405,26896,0.003300079025119349
4910,146.5880760828004,199.99689190488405,26896,0.0032997857594208933
4920,146.574401285754,199.99689190488405,26896,0.0032994780764873492
4930,146.574401285754,199.99689190488405,26896,0.0032994780764873492
4940,146.53586962335976,199.99689190488405,26896,0.0032986111140834787
4950,146.53586962335976,199.99689190488405,26896,0.0032986111140834787
4960,146.53586962335976,199.99689190488405,26896,0.0032986111140834787
4970,146.5224015409185,199.99689190488405,26896,0.00329830808222855
4980,146.51763182774448,199.99689190488405,26896,0.003298200763682135
4990,146.51763182774448,199.99689190488405,26896,0.003298200763682135
5000,146.51763182774448,199.99689190488405,26896,0.003298200763682135
