174.6659487,170.0517996,161.4187574,172.5013625,178.2235771,172.0985491,169.6610741,183.9107127,157.5691514,190.6501156,173.0591623,168.2478851,176.6595025,172.1374183,171.9560122,185.9875347,161.4314504,173.3928427,164.1050705,183.5944796,158.6201438,184.9696752,171.1525076,167.1683896,172.9332609,174.1385659,173.611021,180.5257669,179.2927458,174.256263,162.242916,177.2240498,175.8324579,173.7992452,167.4514437,183.6013899,175.1004856,175.2771165,174.8108194,162.3262738,171.7166858,183.2166032,161.9199966,192.1908397,162.1171258,189.0365035,169.4594542,174.8883058,177.4525678,178.4389811
174.7938706,168.7910423,175.6879517,186.5644214,160.710899,168.5442453,166.8080526,178.5721359,173.7632841,168.9429346,153.8418787,185.9467287,166.6840673,179.6666027,158.3059789,181.1811945,166.0550677,181.8038455,168.8759543,182.2175941,163.634817,176.2027112,162.6137568,178.9053145,170.3130925,173.7487609,159.4482797,171.07678,155.2075961,182.7757895,167.8037907,178.6167284,156.8010759,178.9975443,169.6189108,164.9941628,163.6347788,177.6189352,161.1670304,171.1690624,179.8804447,171.920656,166.1826589,164.3945343,172.1470745,175.8692791,166.4447428,163.0203043,163.7193492,169.9812693
181.7023519,179.8172615,170.8722734,171.7114176,183.5745765,171.7461466,159.9996257,183.2260736,164.3733349,168.6207013,176.5130746,172.8174566,168.9049287,165.3824222,168.8183987,174.906463,163.7336243,179.2508014,162.1235162,180.0143578,161.4820234,180.014018,174.7590505,168.3095523,176.7455772,174.5247296,158.0833055,185.1725287,162.393798,178.1116254,162.8661274,177.9112283,171.9694178,178.9881257,168.0144777,170.1913508,170.3839745,183.6475399,172.6982851,176.2632248,173.0780194,179.1369537,159.795396,170.8560485,162.7909773,174.6668409,173.2219708,170.5100693,173.2891795,172.0825454
158.4379177,170.6012699,163.8320363,180.1798454,161.1360413,184.5745566,165.2297387,190.098807,170.9169088,175.427941,177.0846064,182.1785554,168.0821003,185.6535282,165.8402334,178.5312933,179.8020535,171.9465269,167.2751931,171.8676882,185.5093652,173.209135,157.3311177,187.5817555,158.6586373,184.9365067,179.1682805,180.1790056,173.1029239,177.9893633,173.5485721,170.6829469,173.6536192,169.0862058,166.7378296,188.4107255,172.7266717,172.5682797,167.3705228,173.8528988,167.9025104,167.8144195,177.5794062,184.5515607,180.9153441,164.2309342,179.9396703,174.9841959,181.1960341,173.839063
174.2527569,171.2430479,174.4046563,168.9283509,166.0156033,171.1877195,167.8609876,164.7865954,165.6763311,186.2148493,152.7275516,172.560479,168.6896338,165.4043694,182.6686056,166.4461704,164.4192907,166.500553,174.5761235,160.176889,150.7899828,185.2855287,158.6908268,181.9667773,158.3674437,177.166964,156.2457732,170.8460595,170.0750571,156.8657349,170.4674167,176.4886491,160.4947494,186.126153,156.8775855,182.7822052,158.9539713,170.2686037,168.3923468,161.9946891,174.9150345,181.608893,172.8102467,174.7443313,170.1906221,165.4779557,177.0723799,175.8522737,165.6162382,164.650698
178.5871124,181.9250073,175.3462318,173.00969,177.4642499,191.415314,170.1393239,182.3633774,173.6489291,165.2697479,162.185973,194.0544125,166.0751093,173.8055289,174.6430301,180.1400938,169.047243,194.5928588,179.8038086,191.7701249,187.0376432,177.1272745,181.4509321,175.487748,170.1246307,189.3053416,168.1907648,177.5593662,182.5041919,185.5918898,162.407015,192.1747716,167.9452893,174.6263937,178.7601793,176.2744298,167.2222949,180.2217322,178.8818937,187.0773612,162.7168,167.7316321,165.1260124,186.7467843,173.9541158,169.6311092,182.1074883,163.0444307,179.0290325,173.6746594
168.8115671,158.5596723,161.9873632,179.1347621,159.650515,176.6906777,151.8374391,180.9852444,168.9475838,170.6116345,173.8883127,173.3690799,158.7144149,181.4137153,152.7771559,178.4682446,150.6265356,167.9185548,160.4810393,168.3749538,161.6843525,160.4890724,163.3114614,175.5456503,163.3406776,171.7672831,165.3337,168.977668,160.4810309,162.1910299,171.1437963,177.2536151,157.7498884,171.6139664,177.1330546,160.9720852,167.2306861,176.3699541,169.0288149,177.3790115,174.8230707,164.7238546,179.1770229,165.5431357,152.1950273,175.0564521,156.6485215,165.715387,182.6238905,171.6696766
182.9479873,178.5090896,171.3151885,185.9422392,167.7681171,179.3139327,169.9624187,172.6651787,166.4829751,191.7551714,166.5729728,196.7557663,160.3152469,187.1701597,172.676581,179.2568679,180.6116978,181.5729372,160.6706403,175.5518708,166.2024234,194.8092118,163.5903222,191.3034107,170.1577743,177.4465435,182.5487317,172.7363095,179.7674784,178.0890581,179.6139333,168.9131864,174.2323759,170.8478856,181.6007216,172.8921304,178.5577423,182.0109841,154.8762975,181.8261238,169.5540907,175.681117,163.9286882,186.5595301,170.4580305,188.4949912,186.0942069,182.2179584,166.1636496,169.6696582
162.6143472,162.0106633,171.6798206,163.9208359,165.279763,172.3830649,167.3444377,174.1307245,176.1778218,165.2818239,152.4788614,166.1800786,154.1354206,174.6080081,172.5807133,161.6985512,167.1059364,168.1429101,173.960273,186.0489163,153.827685,183.5141297,163.0943965,161.2914743,160.4447447,181.5903057,157.6657907,179.3315621,153.991528,171.275461,158.1756467,180.8628915,170.5301656,169.9190511,169.4453672,163.4583281,167.5577942,176.9821936,161.1040333,172.8707822,160.8146878,181.7793049,156.7657973,180.0564033,166.3040675,164.1317921,164.0649918,171.1299478,161.0122859,176.6104614
188.1303318,178.8566904,172.2620065,188.3985041,184.2574326,177.3448319,173.4858352,172.2808274,171.6758101,175.1392534,173.6964762,190.9663769,175.0795663,188.292151,171.3084858,183.5709559,169.7454367,185.6834423,179.4525825,179.9324019,172.8683891,172.1745195,176.1982803,193.0838511,165.7366189,171.8497744,176.5520468,182.4085741,177.3698671,186.263735,168.5304868,191.0469232,163.5549893,177.7938098,170.3093956,195.0050253,164.7817339,172.3597731,178.6009733,182.6729663,174.1447385,185.6844344,181.1548284,185.6493538,175.3930681,176.2032998,170.0330976,180.4456157,184.6872283,172.9081415
169.8116063,154.4443735,173.9592713,153.6913699,153.1479134,172.0207874,168.178908,177.4419928,173.5205866,169.3984928,172.4037673,177.6740987,165.9819479,163.3960302,160.0154045,169.0560949,169.1932744,154.4063794,153.3234676,167.5840676,158.5263854,186.5777872,153.1734567,178.0965162,167.577475,170.7726518,150.5836352,179.3269955,153.093592,181.3498539,150.7127247,177.084941,166.2020871,166.4316353,166.3525779,176.5774396,155.3317146,181.3452817,165.8665674,179.9375457,156.107908,161.396847,158.5037587,178.4043117,157.8025884,165.9577366,169.9786256,158.3853039,173.8663576,165.8408894
179.5103208,166.506901,183.2608031,192.7020965,186.7355422,182.7160561,172.4398337,168.3239824,173.94265,174.1173108,173.6168716,162.7677037,178.7457437,166.9513088,178.760293,180.2725606,178.0180687,185.7127619,182.2969294,189.2429398,167.1985352,182.260621,158.8223688,180.7401366,174.9122532,184.002297,178.7380737,189.134558,158.9850626,179.2502971,175.240028,173.8246065,178.0487827,169.322019,178.3487599,171.0514323,179.1034448,177.5326685,158.8458893,187.4215641,174.3419179,181.1026332,162.2279855,183.9668294,169.0503306,177.7579529,174.9255039,193.190253,179.5620473,170.3964609
174.1969295,161.6859535,175.4703489,160.7929762,158.2434946,164.5926386,169.7797603,168.1210384,174.9376128,170.2850119,173.9209037,172.20418,163.0694204,180.390093,169.3327922,167.659492,167.2547565,166.6342041,172.8611187,162.2230354,172.4155134,178.6537692,159.8129636,174.6360133,168.758018,153.4158514,168.3854953,168.0484453,174.6350937,170.684522,169.9090982,179.3266433,162.2949852,163.6261157,175.1506125,182.6498794,161.982157,167.5603134,162.1822766,181.8949898,163.7931754,176.9222573,153.1866165,181.4977403,172.0881265,167.999688,164.0999978,160.0145298,171.676242,173.4376691
183.9847054,178.5113952,161.7963296,184.3754374,183.9588225,171.5933332,180.3194123,178.7027804,172.687648,173.7437748,159.693145,186.0773335,171.5309728,179.6996437,178.2945119,178.8972514,175.2483704,177.6580209,165.067132,178.1912465,163.509653,177.4301239,181.7321371,188.4975722,163.5181219,180.7901192,182.8119986,174.5817875,166.0981574,170.6825717,179.7828716,179.6716921,171.9519106,186.1056235,168.7580657,175.8665027,163.1003946,189.6487985,172.8326733,174.5454497,162.03731,194.1676199,169.6731049,192.6958907,173.8156052,186.8610906,166.2670036,179.3430699,167.0607491,166.9082609
165.5973067,165.7522883,170.9493426,160.4741672,174.91827,174.130567,145.8802463,175.4924928,167.8488665,180.5072622,159.5606181,176.0921388,167.395778,172.1769874,150.7015261,169.2361204,162.6497112,169.7410144,161.7205933,181.0796402,168.0950997,170.0540151,160.7896366,166.1143641,166.6234454,171.9335227,165.1391335,170.1195048,162.5630575,182.5783625,159.8853268,161.9084294,159.6280272,171.9931441,173.2987084,166.2865895,168.9556402,175.6116999,178.5257309,165.1153136,166.5539,166.5624653,159.8640058,162.941244,148.4128675,173.0359884,156.1587151,174.0116561,180.3100674,179.6001677
173.3687369,186.3838334,169.7807235,188.4657264,171.9329735,184.8787778,174.6674873,189.3234377,170.4031298,174.7827571,172.7529594,194.4041866,169.6483148,172.1052124,175.3855684,186.3703694,177.699682,184.5005166,175.1642516,181.1952559,172.4845042,188.1161024,164.7968988,194.1549049,165.4450974,188.1984799,173.4403905,173.1493577,184.4296751,181.3898025,174.4087887,190.9065964,177.8738834,179.0630062,170.2960757,171.2018869,169.2750662,186.9017481,161.5601739,178.4953297,166.9306112,190.890623,184.3271515,177.3437273,168.0652576,192.1887258,185.6471513,183.7181605,161.0250477,164.9767017
164.8313346,172.6896145,172.3756995,155.5965278,159.9484191,167.0189331,170.6214838,166.9134957,160.6676801,170.200015,162.7153306,168.8490095,156.1973208,173.7677775,168.2218009,161.6984534,172.1689156,174.4499739,150.9916743,165.3968961,167.3483982,169.8831746,155.6905403,159.5696743,172.053968,175.8841984,162.3718553,162.7869866,162.121931,170.4203394,154.169503,171.0771148,154.7432049,176.4945506,170.6822456,175.3126427,170.3510787,165.946356,168.1281263,180.5011009,152.2591781,165.1095458,158.9821334,176.4973724,169.3085244,166.2344878,162.4879579,153.2149858,171.4046211,180.5057434
182.6515219,160.7847104,188.0486183,187.5254294,181.0908339,167.6485706,173.7983812,179.9255822,183.0897462,181.0506799,172.3208827,172.5824182,184.1199989,198.1182979,168.3274131,174.9974208,174.1440317,184.9795586,164.3690067,197.9835269,172.0122103,178.5614459,183.6844816,182.5627205,177.0246973,182.1050712,158.1977343,187.1579963,175.3910487,196.894575,165.9696046,185.3990318,180.5051812,176.0241161,174.3701316,167.0817124,177.0799776,175.1653637,165.3073727,195.1382563,181.2788259,190.6467387,163.68342,188.1216488,172.7159987,171.1465946,180.1364322,190.4275713,176.8098252,172.2706606
171.1592417,173.8768456,158.0037354,171.0237693,162.0988262,180.0654744,166.7694987,164.7247346,156.5121721,171.8890416,163.5558776,177.5885183,156.953224,169.5468273,160.0233868,170.3421448,157.431018,169.1372522,165.4195472,167.3880537,162.4242178,176.8452956,165.5177368,163.878282,162.4770481,160.1232037,173.1853594,181.2291326,151.0825809,176.4206447,155.004565,178.2857651,154.0410634,181.9365417,158.1717628,186.6399377,161.4390321,184.2819226,158.6830757,164.7979968,154.3302562,170.2277549,168.8743598,166.3521947,168.3636829,173.3402072,170.2598593,162.3230235,156.8534242,171.1747403
179.3062126,170.6767232,165.2328521,185.5743479,184.5935103,162.3431864,178.4631869,188.28267,168.2170514,191.7715036,179.8852453,183.9664551,164.7786146,176.555171,176.181255,192.5060068,181.0477433,173.3269081,181.7365417,191.6217722,162.18723,178.4288091,167.0984308,182.7559729,181.8363625,174.5278056,177.311033,188.4385031,159.6476031,187.0602387,168.2023376,191.6395218,165.6422051,174.4463101,164.4336699,182.7048927,167.7134583,170.4186621,176.0329493,177.771721,178.6742234,174.3858742,174.8722651,170.3877118,179.596439,165.596406,169.8092945,182.6313691,184.2335012,181.9949389
170.1893642,181.6558958,159.4841009,173.8607608,156.1240356,172.7434263,157.301957,180.9569069,157.6983006,164.8112969,155.1787815,171.4555172,173.2397611,182.6558502,159.3439263,162.1387825,166.3436882,168.2551201,153.9211791,166.1775583,170.9596981,161.6353545,176.3692379,174.215137,165.7688922,157.325885,174.8966041,164.5418426,166.2769222,171.2710246,153.9863174,184.5544948,157.3837016,180.5174249,165.1032442,165.0454625,177.163982,177.5544856,161.4328946,171.6651953,165.5893512,179.7652597,151.4203975,182.1878926,162.9537695,180.296158,167.7944573,162.744975,177.3966757,155.0284669
161.1250488,187.4001963,167.0311339,189.8012994,166.9138674,189.3640293,164.8618337,188.9084144,175.9792553,175.8567092,178.3463402,171.2779055,167.8592403,173.1587908,171.5276642,187.8900712,170.2016877,183.1515677,175.040698,190.5891241,173.9869643,182.1060439,164.9284797,180.4771168,169.0554703,190.3579525,169.8518259,178.80858,176.1961384,175.907196,184.1574726,168.7980264,175.2900864,196.7864952,164.9025616,188.3570941,168.0203824,172.2859357,167.2488947,192.8877459,175.1800367,171.1188999,171.3468618,181.6540189,173.7183078,188.6991828,166.5735735,173.0452833,171.7809405,184.2600745
169.9033455,168.2765736,169.9691179,177.9459082,149.7304259,181.5638137,159.3689795,168.8384326,159.4209421,166.5912776,178.6893156,175.7653861,164.0214368,181.9909237,169.2560318,171.2134871,170.3990935,165.1993531,171.076252,159.9783461,156.6218486,190.7205415,155.8783979,179.2002657,155.3164907,167.4329225,155.8782594,176.1018081,158.8405844,183.1473553,156.6592692,163.5154101,165.9248251,167.1436689,166.3302077,171.5164441,166.1786621,170.3786464,157.2593255,165.3484915,158.9211193,179.0609954,164.8743859,181.4651213,152.1608262,169.8421346,161.1396488,180.0196694,169.8531653,167.1870822
183.3200805,184.4720221,176.0492713,167.7445364,182.2866531,180.6676825,174.9467039,188.3528539,170.4837535,187.997139,164.3878307,182.4383594,159.7043185,184.5546341,161.3808445,176.5340845,168.922493,181.7279382,161.1018325,190.1453332,182.2088564,165.9097997,168.8343196,190.8303557,180.1627018,187.2245606,169.6073504,191.2651815,162.0100373,187.1223808,174.8273023,187.8890603,173.5662066,171.4908517,165.6380126,180.7198488,180.4301096,182.740297,189.5007285,186.5507772,168.9095883,176.4639731,173.3257416,181.8607441,167.6330298,184.6499342,185.7853307,161.9762623,177.4719969,169.5319726
152.9356413,166.7244499,181.7684389,161.5045729,156.4695635,176.5258714,155.7491055,179.2756729,163.0802258,171.2688557,162.6952142,181.2835776,163.5626817,180.3073179,151.3581911,177.4563796,162.7246251,180.900556,154.9359581,181.4018311,154.5666886,179.6066586,157.0000705,167.1471702,163.6786039,176.5793069,160.0914886,178.4627695,159.8475068,166.9250205,161.8123413,163.5510809,172.4319871,175.5586623,164.5893654,166.7105671,169.1509735,158.5505401,157.2202808,166.9665416,173.5790645,158.3716947,168.9631497,168.1311253,161.2535695,174.6213974,167.4078783,177.666251,171.9642709,179.3820413
180.8157957,180.7257279,166.6789187,171.6729811,185.0603951,189.5267778,159.3155113,193.6097349,161.6617504,171.2052487,174.6874808,170.7936459,182.3416882,165.5009962,182.3602652,193.739549,171.4331104,177.0871567,176.0525571,176.7600617,176.3725686,175.6661281,185.1316677,176.8290482,163.5090267,173.6292857,166.4775096,173.0857211,185.9607929,173.180459,168.66965,190.3091443,169.1327313,184.4573249,181.6375267,186.0406968,162.8560014,190.1683252,165.1751299,190.8139587,170.0718895,182.6832913,177.4014063,176.951167,186.6590741,175.2571939,166.6745078,166.6896652,176.5986564,163.0664648
177.6933407,169.7864234,159.7668718,177.4957754,169.9610133,166.9151414,152.3022756,180.7730709,170.6532787,182.5087034,163.7578537,160.2854546,172.1331903,181.0849096,160.2504948,168.5271656,163.3239298,163.786683,160.4903291,183.2765546,165.1257829,165.6720901,177.7468963,172.3806241,166.1455112,177.3277709,170.4885767,176.7299745,159.0739707,181.1645985,168.9627529,165.148075,160.2672391,170.5547047,151.8059708,177.9081699,166.8139985,178.6941997,160.0975235,174.8859184,162.7734806,179.6876292,156.2672472,169.7573851,167.6798394,177.0349792,169.7742812,165.3621295,167.4683694,176.3721514
173.8379374,170.5374387,167.5549113,184.3402808,178.8978855,163.9335763,175.9441511,175.7959569,171.6665596,177.3003461,172.8110052,190.5068166,179.9334007,175.0393727,158.6323046,193.9356933,162.3805234,189.0441916,175.6753657,181.5907261,159.7052514,170.0531079,178.646943,176.4587827,164.2642083,188.4985118,170.9366773,183.0339805,162.6518432,172.6733066,182.9756611,177.1312093,176.7721797,183.0604722,167.7381805,175.0179454,173.9855411,174.107728,164.518856,186.6543561,159.8000327,180.9178329,180.4963132,191.0447786,155.6719813,167.5554312,179.4367095,181.845913,188.7631075,169.253903
167.8060551,167.2056799,171.4771512,172.8934522,165.1005036,180.434718,163.4000929,176.3291983,168.3064709,174.8227328,157.5705537,171.1375831,169.9724801,157.7409966,169.0391272,174.9441305,156.0174629,181.1575319,163.1610982,170.5566729,166.6115412,180.7141905,165.3911869,163.2355329,169.4607506,172.7951718,158.327624,180.0384722,151.1813995,182.2468762,150.2400723,169.3011474,176.2736,162.0663173,175.094778,180.6385543,163.2101172,171.4400152,156.2432075,185.2704226,168.2822229,159.3863217,152.4402858,182.4080044,161.7993734,183.3820294,166.1835887,162.1078033,172.3692189,161.3900904
186.7409179,167.0761215,169.1224101,180.1886849,166.2917829,189.7679171,164.9138461,174.8408898,182.4193992,165.5598385,171.8499916,175.058068,169.9123387,184.8250409,171.8525982,193.4164514,174.2420782,170.7238358,171.9156562,186.8609088,162.3996056,194.8841611,172.0357631,181.0204248,170.1609498,177.1064256,177.7047974,183.6450836,180.6858688,183.0271088,187.4439005,173.3502538,163.3506671,193.3439095,159.1065246,186.5532659,165.3223347,190.946089,167.3647738,194.8579957,160.7040578,191.9171257,159.3087499,186.4346672,168.0838136,185.3439084,168.7345948,170.537101,178.387596,183.9263193
165.9148204,165.2126649,168.4393918,178.9930977,160.236561,170.7509754,162.1716367,179.1233762,150.3942661,171.0081891,172.408622,182.0038674,173.5823708,165.6635536,164.5300033,167.667085,164.5226525,166.6148003,157.2778934,181.9276512,154.3221771,185.9921574,158.0001977,166.7820047,167.0595976,173.4924199,152.2119366,167.1782491,163.050865,170.4632131,155.1876074,173.4524814,166.845132,183.4314368,167.4717057,156.928138,174.1973372,172.0163662,154.5087904,177.9227439,153.0342468,184.503456,170.5007306,183.7407712,150.6072757,182.7226254,162.0304691,172.7561997,165.6811148,170.2073941
183.1659942,176.2011875,170.4525667,170.5562172,184.7517504,169.853191,176.6906774,188.5252966,186.0426153,185.1979883,173.4010022,165.7550574,160.8391523,193.644271,174.4062122,171.9436563,169.1343306,193.2440795,172.4982214,187.1056037,155.5250042,169.1705879,171.7570194,190.9419503,181.4973919,184.5569827,172.703047,191.4313506,167.2605565,187.0039513,162.3289364,191.6722612,172.7890789,168.5002463,160.3205831,189.5955496,181.4770842,164.9740045,177.6662829,171.1852945,180.3872775,177.7286846,171.510299,164.051085,180.0993307,181.0450086,171.7478437,179.6654632,184.1208143,166.1161851
160.3490138,184.5446944,158.4003911,174.0422382,169.3800338,170.3352455,153.5877779,165.038631,157.0085437,170.1783653,171.7724547,176.9517489,156.7240022,169.6881522,164.5830835,168.0113943,169.9356609,167.7244566,158.9244705,179.6614638,175.1969933,166.6583142,175.5289645,168.3697756,146.6726182,175.338187,164.2409873,166.6235732,170.146853,169.7150999,166.1355436,177.3065071,163.5297042,172.0838513,165.6039459,174.5637172,163.6764346,171.8138964,171.1328834,177.653596,152.8854587,170.5064889,163.7024115,178.2635972,162.6448691,182.0376263,161.6776604,160.5127683,181.563642,165.7012001
170.0196138,181.4335255,177.6448907,179.9308736,172.6606909,188.972322,179.6460387,179.2547293,174.1943919,169.9551534,165.1605349,189.4421878,168.08975,187.5930095,178.9266709,170.8583456,174.4310055,189.6347243,162.3509282,181.6469879,183.3575925,173.9655073,178.0865785,180.2407412,167.9045585,189.9085167,172.724118,178.0517897,172.1205786,184.3031424,165.78171,176.5209232,176.7643349,178.9198266,183.4930008,183.644058,169.7422102,179.075367,176.4524575,174.4987901,176.0711367,197.7139763,164.4071264,167.8996854,170.4756223,174.598099,178.322092,168.7693979,171.1098422,187.0040229
160.6981277,177.0513085,168.8889703,168.2131638,156.5531254,163.6202397,163.3409551,181.0566727,172.1992372,182.7420575,158.7747117,167.6979115,166.7259018,176.8827036,164.2009416,161.515607,163.2164636,180.6921084,167.2699691,166.435164,158.6258967,163.5194514,169.6286045,164.2917667,163.3749428,175.0080036,162.7904045,164.5163974,162.173563,174.0473756,170.3858027,160.9618593,163.3973176,180.7060036,156.6318708,164.2511657,176.619908,180.4771787,162.8218186,172.7517237,153.9651736,183.6515539,164.1802885,178.1941353,172.5820609,176.9837569,170.2128609,157.6817145,175.1397315,154.9508075
170.2011902,186.7000529,171.6024673,166.5710908,167.1768579,194.1017294,175.6942206,166.0346641,160.216378,182.6531112,180.1501981,179.5035393,177.6014455,175.3507837,174.9831826,182.0838693,177.9128633,188.8609262,160.3823125,174.8585625,183.2535596,183.4608938,164.1947865,192.9411904,173.4408497,186.8493206,170.6332498,180.5183823,178.1540356,179.8480602,177.4759583,189.9385197,175.7587838,178.4299997,176.3842772,169.3781916,166.2408277,167.7697725,161.1928718,182.3716547,177.9308286,167.3313926,170.8318331,191.5938865,160.1847077,181.5041525,179.9677097,173.327297,187.7947601,181.8109051
172.6943094,167.0829375,171.8575336,176.137229,168.8775664,179.2696335,167.5117747,159.1117165,173.7120826,182.040934,155.6280202,172.8812514,169.4122881,161.906013,165.4203943,162.6872989,165.8172258,167.0754504,153.6403569,183.2123064,163.8078005,170.1057502,170.5142052,168.1119409,159.0937691,160.9203599,170.5395752,169.2723774,155.3381682,172.9400506,154.5082862,164.2554435,163.9020218,166.1105517,169.1132227,183.9527236,160.3837933,182.6239195,178.6792172,179.7153654,150.4971988,162.804193,173.2377698,170.9085277,158.8459648,160.8610197,177.9276714,168.7844739,174.0474894,156.6038761
173.8810033,176.6027393,185.5483799,169.8154544,170.570484,180.1922191,170.2700315,168.7226519,174.8062068,176.9000768,175.1861451,178.2389811,170.5398318,184.1499759,174.5192476,188.8474927,161.4428943,196.2817305,172.7732607,180.5012453,178.695827,171.7173326,172.7261718,173.5789107,181.9252751,182.8730249,173.9886529,183.9295279,186.1750268,189.130282,183.9275894,183.2288147,168.5151763,168.9603719,174.1886291,188.9751681,163.2464661,184.7752156,173.5317296,175.1838006,183.9416816,183.7302716,179.8853515,175.1813535,180.0863848,174.5223812,169.4625811,163.025282,179.0563477,178.7775242
164.0225349,159.7185445,175.331933,160.8430698,158.7469753,170.2203416,171.9039805,181.1047932,170.8243349,168.7212312,164.9994397,167.2352228,160.4962791,176.3164828,158.9742698,177.8998749,155.5114471,165.1225655,171.4635128,170.404794,149.810937,174.9450524,172.7267949,167.6871906,162.9939878,176.2813731,163.2692336,166.2713806,159.7864116,159.6315214,155.923026,172.2183415,178.3670124,169.5265239,165.660294,164.4764833,172.0753694,165.9745365,158.8232868,170.168819,150.8109415,180.4832429,157.1113532,181.4253661,163.0819869,178.3937702,178.1913524,171.894631,163.3326936,165.883148
178.18178,177.5646175,171.3337404,181.7287609,176.9126429,181.2046122,179.4812819,176.4953253,170.2683698,174.981839,179.0998189,176.5745425,185.4011954,175.9752721,180.993214,189.1917874,172.8513951,176.2361096,185.4898114,179.8281447,174.6183858,181.2882259,181.5126953,172.9056186,165.1557857,186.7042035,164.1831933,191.9351896,162.729902,181.2810938,175.0517952,189.0082356,165.8573462,186.3493565,184.1045822,176.7171134,171.3565218,181.4490931,170.5948531,194.9299848,179.8168162,173.4541421,163.0895812,182.0596476,168.0172149,185.7969897,169.9753791,171.1899678,189.7923888,177.2641511
182.6272219,157.891385,173.4885045,179.635639,161.5146722,168.4544821,155.1987014,159.1197409,166.0468988,174.1730993,175.4177033,169.9694262,170.576782,165.5912565,153.1496633,173.6028501,156.9589465,172.3602013,161.8308182,169.1817714,156.9037629,175.492703,173.1053655,168.4614649,176.4234903,163.5530866,170.7171744,181.0146754,161.4487882,179.8330681,175.3072242,167.9798569,155.8465245,165.8892224,153.5496193,168.2990027,170.4900831,158.5452765,170.8942795,166.5392418,162.4699927,165.798648,175.2560221,184.3192807,159.6401728,161.9878442,162.4765528,173.0884664,168.6033442,160.6568858
179.4661919,162.2812895,188.4896543,170.4647983,170.9984472,189.0049926,182.6873829,186.1668675,171.205605,184.022554,159.140367,171.5829326,172.9668902,167.9440975,175.9850557,176.5170192,180.0184384,176.9409076,172.0286508,171.4582385,182.2649053,175.3850369,164.4881982,178.9839769,165.2163698,186.4186494,160.1130508,189.9541986,164.9085927,174.2561455,162.4040916,178.2799318,164.5657482,189.8389235,176.4169403,182.7673676,178.5536328,180.1164202,186.9018089,173.3202494,169.9773928,182.4208476,169.5154353,170.353232,173.5093275,183.9438959,165.747662,176.951687,188.6184248,172.1786014
166.0055746,161.1943023,153.9381126,174.9828509,160.6396635,173.5670218,159.4960537,166.5249738,161.4552566,186.4090619,160.664281,172.975379,164.3993695,181.044442,167.5628119,178.2918719,163.3518888,167.4675084,172.9390223,184.0948086,157.3591065,177.4120729,161.4491489,175.2132306,170.9492104,168.9551164,166.8835314,168.8413546,169.8301341,169.7578106,173.9306938,177.22475,169.5681365,169.5448291,177.2220976,171.0256658,164.5231638,166.0617794,155.6525769,185.7652754,163.5938571,170.5073361,168.1027711,168.2988597,166.4726777,182.9190015,179.0578546,167.075465,158.3896978,171.6201088
184.7615777,185.7708771,179.8696611,188.2220544,169.8979648,187.4516702,174.0626672,182.7982284,160.2021925,195.8226778,165.9299841,180.7490527,174.0523885,185.1540555,176.1400166,187.5838769,165.7440287,180.6498871,172.6362307,176.5559305,166.6313806,194.3086103,167.5529047,184.3181936,160.3462012,190.0632747,170.5931518,181.6207799,166.9279335,178.3180715,163.6893978,190.9106725,178.610197,176.2874256,167.6439323,173.5200447,161.3409975,192.3323431,167.6482713,168.2912591,178.69409,187.7386927,167.2171584,190.1405847,173.8413936,170.9026249,172.9979955,179.1419454,179.8327643,180.6609011
174.1298354,158.9522627,177.6504493,165.0626023,162.315308,155.4646544,170.2524602,172.9574104,152.3822596,183.9665944,153.4067668,183.7653415,155.2608918,171.3621571,163.8905561,160.8146204,167.104723,171.0736132,159.3788076,166.6095122,167.379347,168.7069026,156.7104798,183.9261649,165.6527923,176.9200833,160.7737593,168.5102611,173.5439565,183.4588652,154.9538434,164.79676,163.694179,160.9138713,163.3964544,172.6627162,162.5587924,181.6225534,158.2296975,173.3677748,163.1568009,169.4378616,165.5089336,176.0055424,159.9196699,167.4377784,170.0720704,170.8334398,154.2473107,170.4761064
168.7507934,166.726538,170.4328549,190.69129,164.406272,194.1233003,174.2756062,187.008071,168.8101207,178.2119631,175.8087041,179.2289164,174.8948327,175.0170467,161.5075287,174.2481179,180.3731382,181.0956839,181.4705395,175.1779434,177.1657855,183.2392622,172.4760306,173.5967469,165.1458545,184.5051313,164.0421318,172.7805488,174.2075701,175.0468788,182.4263694,177.0599752,172.5216722,180.9555833,186.4234734,188.514192,165.4367949,187.7007072,175.2459199,185.3937232,162.9627347,173.4731653,174.8827444,181.3433418,157.8683313,188.1736187,164.5097759,179.4173402,186.4075182,178.6922417
180.6617371,177.2763413,163.6405066,170.5519551,168.5383554,182.1172398,157.4025473,163.2180153,171.1057153,181.763036,155.5474195,172.9303984,165.4172867,173.0333288,175.9804405,185.8984874,162.8243296,173.3469133,170.9428572,166.4173305,171.3693746,172.5131498,170.0175157,184.8955737,155.7031334,175.4384671,177.3767077,183.6067604,163.0208882,181.1439241,163.476254,176.1888198,176.424075,172.9785911,156.5148473,180.5715162,158.956171,184.5984488,153.0836347,179.0334641,171.7901705,177.8994941,160.2760406,182.1357133,168.1638276,173.4925113,173.3684744,173.7000063,175.1547451,156.1876937
166.7662287,180.2490117,172.7764445,166.9119157,169.5995748,172.150709,163.7469006,187.1771415,161.9723573,187.7438095,169.369761,168.2879068,181.9161639,178.3833999,164.8143173,189.7408062,156.7265954,180.4918428,170.2806554,180.6149487,162.7016987,178.6561058,154.9560634,170.9642617,176.0549555,179.8295318,159.4887726,174.8496963,153.4068827,178.7628972,158.6231004,164.3387929,172.5410676,169.778297,168.2784993,179.6270953,151.2970611,182.0385296,160.104416,185.2262113,161.541201,188.6951663,155.3134766,189.784525,162.5300833,185.9507433,172.922513,157.1817748,159.1650473,186.8549454
165.1350605,176.7625892,174.9201838,167.9483081,180.9126338,175.6249415,173.7492625,174.2702969,172.4512073,171.0922232,175.8950623,169.4034815,173.2410316,170.0134801,173.5205557,163.3636979,168.8437907,175.1457656,164.069515,175.7629332,165.0479959,181.9952957,179.0963766,181.5581878,169.7361976,173.634581,168.9135791,173.9389877,185.3912398,171.7712278,181.4978204,190.2956469,159.306474,185.3634776,159.8546937,184.614145,165.1199976,192.4500161,163.3852466,171.9040479,155.5367907,182.5993711,174.9607495,167.3122719,161.696083,174.2326814,171.7392354,182.2622638,187.4318613,166.2914278
174.9369869,176.7184741,159.0652628,185.4318396,164.6701028,172.4688316,160.3095671,190.5669703,165.8490591,163.3726808,177.4295079,179.404938,168.0843647,168.7832124,170.9691071,184.0263673,170.1041046,177.2825329,173.1695461,170.6377742,171.0323678,183.4609647,154.5574966,168.550135,178.2663581,173.7090048,167.5134483,167.4325781,182.7308013,166.2095026,163.3741742,166.8281315,181.1756114,165.0128745,174.7184035,174.6074412,166.2465828,175.657019,173.5973715,177.4076723,170.1890462,180.7061038,157.69903,191.0279834,162.4120538,179.3459232,173.4434991,162.4140477,166.5454286,174.0447786
