6.759387644,6.540425041,6.294851932,6.422924293,6.447223068,6.88771875,6.447223068,6.768261363,6.477919371,6.462242001,6.397506455,6.215644115
6.540425041,6.389636926,6.23427922,6.399837205,6.409827336,6.8362996,6.409827336,6.790658105,6.55489487,6.557770061,6.4967395,6.29838862
6.294851932,6.23427922,6.198189273,6.424193093,6.426134613,6.840916135,6.426134613,6.884325691,6.716616647,6.751086042,6.706365146,6.492648937
6.422924293,6.452767707,6.543931126,6.742701201,6.609039798,6.938111651,6.489301765,7.043972655,6.940764074,6.967441587,6.876725962,6.606585615
6.447223068,6.529565369,6.697002941,6.821026041,6.539229146,6.754107331,6.268360818,6.857925631,6.790483769,6.793536218,6.653832123,6.346949825
6.88771875,6.978779548,7.163230644,7.268713041,6.931354307,7.080591599,6.489301765,7.043972655,6.940764074,6.967441587,6.876725962,6.606585615
6.447223068,6.520155602,6.675716405,6.776877006,6.477042368,6.57430053,5.956592247,6.387643787,6.247074282,6.307334641,6.303630312,6.124569952
6.768261363,6.843588607,7.004063724,7.133522101,6.848515864,6.954423209,6.286725289,6.713371264,6.551530855,6.636840197,6.674149486,6.517036169
6.477919371,6.564304637,6.737903183,6.855765308,6.560515682,6.653188833,6.018779025,6.450612357,6.31093389,6.386222943,6.40425033,6.236621559
6.462242001,6.610700563,6.870824076,6.967441587,6.581549974,6.636840197,6.019759399,6.547290751,6.471221709,6.523690186,6.473991128,6.23850663
6.397506455,6.659998268,7.075684972,7.196452886,6.723260147,6.717670221,6.083071993,6.717670221,6.723260147,6.793718051,6.730622091,6.453545767
6.215644115,6.560606601,7.085831775,7.259501515,6.773778593,6.726323649,6.060857722,6.726323649,6.773778593,6.89142253,6.883469837,6.62756306
