waypoint,row,col,shot_count
0,0,0,33
1,0,2,13
2,0,4,40
3,0,6,17
4,0,8,32
5,0,10,52
6,0,12,14
7,0,14,44
8,0,16,14
9,0,18,13
10,0,20,41
11,0,22,26
12,0,24,1
13,0,26,33
14,0,28,23
15,0,30,40
16,0,32,15
17,0,34,16
18,0,36,38
19,0,38,1
20,0,40,42
21,0,42,13
22,0,44,30
23,0,46,11
24,0,48,33
25,2,0,1
26,2,2,50
27,2,4,33
28,2,6,48
29,2,8,1
30,2,10,1
31,2,12,33
32,2,14,25
33,2,16,44
34,2,18,74
35,2,20,2
36,2,22,42
37,2,24,67
38,2,26,65
39,2,28,1
40,2,30,36
41,2,32,62
42,2,34,20
43,2,36,74
44,2,38,24
45,2,40,64
46,2,42,1
47,2,44,97
48,2,46,1
49,2,48,79
50,4,0,50
51,4,2,22
52,4,4,59
53,4,6,1
54,4,8,97
55,4,10,57
56,4,12,61
57,4,14,52
58,4,16,11
59,4,18,1
60,4,20,74
61,4,22,24
62,4,24,9
63,4,26,1
64,4,28,71
65,4,30,46
66,4,32,1
67,4,34,57
68,4,36,1
69,4,38,29
70,4,40,38
71,4,42,37
72,4,44,6
73,4,46,32
74,4,48,26
75,6,0,23
76,6,2,2
77,6,4,61
78,6,6,14
79,6,8,6
80,6,10,1
81,6,12,9
82,6,14,1
83,6,16,93
84,6,18,41
85,6,20,31
86,6,22,10
87,6,24,98
88,6,26,33
89,6,28,19
90,6,30,23
91,6,32,51
92,6,34,54
93,6,36,9
94,6,38,93
95,6,40,1
96,6,42,63
97,6,44,52
98,6,46,41
99,6,48,74
100,8,0,41
101,8,2,39
102,8,4,63
103,8,6,10
104,8,8,116
105,8,10,5
106,8,12,131
107,8,14,4
108,8,16,33
109,8,18,1
110,8,20,70
111,8,22,32
112,8,24,7
113,8,26,8
114,8,28,82
115,8,30,2
116,8,32,68
117,8,34,1
118,8,36,67
119,8,38,7
120,8,40,53
121,8,42,1
122,8,44,32
123,8,46,14
124,8,48,20
125,10,0,19
126,10,2,7
127,10,4,47
128,10,6,7
129,10,8,16
130,10,10,4
131,10,12,1
132,10,14,24
133,10,16,53
134,10,18,53
135,10,20,1
136,10,22,46
137,10,24,45
138,10,26,71
139,10,28,3
140,10,30,55
141,10,32,20
142,10,34,40
143,10,36,33
144,10,38,1
145,10,40,73
146,10,42,32
147,10,44,77
148,10,46,26
149,10,48,83
150,12,0,16
151,12,2,93
152,12,4,1
153,12,6,85
154,12,8,33
155,12,10,66
156,12,12,60
157,12,14,38
158,12,16,42
159,12,18,20
160,12,20,65
161,12,22,35
162,12,24,13
163,12,26,34
164,12,28,11
165,12,30,64
166,12,32,1
167,12,34,58
168,12,36,36
169,12,38,86
170,12,40,1
171,12,42,38
172,12,44,1
173,12,46,25
174,12,48,22
175,14,0,19
176,14,2,23
177,14,4,5
178,14,6,55
179,14,8,1
180,14,10,37
181,14,12,2
182,14,14,57
183,14,16,1
184,14,18,44
185,14,20,31
186,14,22,2
187,14,24,102
188,14,26,1
189,14,28,90
190,14,30,1
191,14,32,77
192,14,34,28
193,14,36,1
194,14,38,1
195,14,40,43
196,14,42,42
197,14,44,72
198,14,46,30
199,14,48,67
200,16,0,34
201,16,2,35
202,16,4,78
203,16,6,1
204,16,8,65
205,16,10,23
206,16,12,74
207,16,14,1
208,16,16,95
209,16,18,2
210,16,20,83
211,16,22,1
212,16,24,30
213,16,26,13
214,16,28,20
215,16,30,35
216,16,32,1
217,16,34,51
218,16,36,70
219,16,38,56
220,16,40,65
221,16,42,1
222,16,44,35
223,16,46,3
224,16,48,55
225,18,0,39
226,18,2,1
227,18,4,48
228,18,6,17
229,18,8,75
230,18,10,1
231,18,12,71
232,18,14,7
233,18,16,27
234,18,18,29
235,18,20,1
236,18,22,83
237,18,24,35
238,18,26,63
239,18,28,25
240,18,30,78
241,18,32,51
242,18,34,22
243,18,36,9
244,18,38,1
245,18,40,1
246,18,42,69
247,18,44,25
248,18,46,63
249,18,48,29
250,20,0,18
251,20,2,54
252,20,4,50
253,20,6,1
254,20,8,48
255,20,10,1
256,20,12,47
257,20,14,24
258,20,16,71
259,20,18,47
260,20,20,52
261,20,22,9
262,20,24,16
263,20,26,51
264,20,28,26
265,20,30,1
266,20,32,1
267,20,34,97
268,20,36,1
269,20,38,121
270,20,40,40
271,20,42,15
272,20,44,46
273,20,46,1
274,20,48,68
275,22,0,39
276,22,2,1
277,22,4,70
278,22,6,17
279,22,8,84
280,22,10,27
281,22,12,80
282,22,14,1
283,22,16,39
284,22,18,1
285,22,20,19
286,22,22,77
287,22,24,22
288,22,26,48
289,22,28,1
290,22,30,124
291,22,32,1
292,22,34,37
293,22,36,8
294,22,38,11
295,22,40,2
296,22,42,59
297,22,44,62
298,22,46,13
299,22,48,54
300,24,0,5
301,24,2,83
302,24,4,1
303,24,6,34
304,24,8,1
305,24,10,8
306,24,12,31
307,24,14,46
308,24,16,43
309,24,18,78
310,24,20,22
311,24,22,40
312,24,24,1
313,24,26,85
314,24,28,1
315,24,30,36
316,24,32,1
317,24,34,106
318,24,36,1
319,24,38,97
320,24,40,33
321,24,42,19
322,24,44,1
323,24,46,57
324,24,48,40
325,26,0,23
326,26,2,57
327,26,4,1
328,26,6,82
329,26,8,42
330,26,10,101
331,26,12,1
332,26,14,48
333,26,16,1
334,26,18,25
335,26,20,40
336,26,22,38
337,26,24,49
338,26,26,11
339,26,28,47
340,26,30,60
341,26,32,34
342,26,34,1
343,26,36,31
344,26,38,23
345,26,40,2
346,26,42,94
347,26,44,50
348,26,46,13
349,26,48,56
350,28,0,24
351,28,2,14
352,28,4,68
353,28,6,5
354,28,8,1
355,28,10,1
356,28,12,34
357,28,14,59
358,28,16,40
359,28,18,61
360,28,20,1
361,28,22,76
362,28,24,1
363,28,26,63
364,28,28,41
365,28,30,1
366,28,32,48
367,28,34,69
368,28,36,13
369,28,38,81
370,28,40,27
371,28,42,1
372,28,44,19
373,28,46,51
374,28,48,41
375,30,0,36
376,30,2,55
377,30,4,1
378,30,6,79
379,30,8,45
380,30,10,85
381,30,12,49
382,30,14,1
383,30,16,34
384,30,18,40
385,30,20,41
386,30,22,2
387,30,24,62
388,30,26,3
389,30,28,45
390,30,30,39
391,30,32,42
392,30,34,11
393,30,36,65
394,30,38,1
395,30,40,40
396,30,42,63
397,30,44,42
398,30,46,18
399,30,48,51
400,32,0,1
401,32,2,35
402,32,4,41
403,32,6,29
404,32,8,1
405,32,10,1
406,32,12,5
407,32,14,68
408,32,16,48
409,32,18,1
410,32,20,84
411,32,22,24
412,32,24,40
413,32,26,52
414,32,28,36
415,32,30,45
416,32,32,43
417,32,34,16
418,32,36,32
419,32,38,34
420,32,40,46
421,32,42,1
422,32,44,54
423,32,46,22
424,32,48,55
425,34,0,63
426,34,2,23
427,34,4,49
428,34,6,14
429,34,8,87
430,34,10,60
431,34,12,67
432,34,14,1
433,34,16,44
434,34,18,55
435,34,20,1
436,34,22,24
437,34,24,55
438,34,26,1
439,34,28,52
440,34,30,1
441,34,32,24
442,34,34,72
443,34,36,34
444,34,38,40
445,34,40,54
446,34,42,11
447,34,44,73
448,34,46,1
449,34,48,60
450,36,0,1
451,36,2,26
452,36,4,39
453,36,6,38
454,36,8,15
455,36,10,1
456,36,12,9
457,36,14,78
458,36,16,1
459,36,18,38
460,36,20,47
461,36,22,73
462,36,24,4
463,36,26,70
464,36,28,15
465,36,30,78
466,36,32,46
467,36,34,1
468,36,36,51
469,36,38,1
470,36,40,64
471,36,42,4
472,36,44,57
473,36,46,22
474,36,48,53
475,38,0,36
476,38,2,79
477,38,4,9
478,38,6,45
479,38,8,31
480,38,10,67
481,38,12,50
482,38,14,1
483,38,16,60
484,38,18,54
485,38,20,5
486,38,22,6
487,38,24,70
488,38,26,1
489,38,28,54
490,38,30,4
491,38,32,20
492,38,34,51
493,38,36,34
494,38,38,58
495,38,40,37
496,38,42,45
497,38,44,30
498,38,46,38
499,38,48,42
500,40,0,13
501,40,2,1
502,40,4,56
503,40,6,29
504,40,8,49
505,40,10,12
506,40,12,40
507,40,14,58
508,40,16,1
509,40,18,36
510,40,20,61
511,40,22,71
512,40,24,12
513,40,26,39
514,40,28,61
515,40,30,15
516,40,32,89
517,40,34,1
518,40,36,55
519,40,38,1
520,40,40,32
521,40,42,14
522,40,44,75
523,40,46,1
524,40,48,64
525,42,0,50
526,42,2,36
527,42,4,59
528,42,6,1
529,42,8,42
530,42,10,30
531,42,12,37
532,42,14,9
533,42,16,80
534,42,18,24
535,42,20,1
536,42,22,20
537,42,24,49
538,42,26,28
539,42,28,33
540,42,30,30
541,42,32,37
542,42,34,1
543,42,36,76
544,42,38,2
545,42,40,108
546,42,42,1
547,42,44,27
548,42,46,33
549,42,48,43
550,44,0,24
551,44,2,5
552,44,4,71
553,44,6,14
554,44,8,88
555,44,10,3
556,44,12,80
557,44,14,17
558,44,16,36
559,44,18,23
560,44,20,91
561,44,22,12
562,44,24,66
563,44,26,7
564,44,28,68
565,44,30,1
566,44,32,77
567,44,34,26
568,44,36,51
569,44,38,22
570,44,40,20
571,44,42,31
572,44,44,87
573,44,46,1
574,44,48,70
575,46,0,17
576,46,2,52
577,46,4,11
578,46,6,33
579,46,8,19
580,46,10,13
581,46,12,48
582,46,14,1
583,46,16,62
584,46,18,14
585,46,20,10
586,46,22,47
587,46,24,4
588,46,26,48
589,46,28,27
590,46,30,25
591,46,32,42
592,46,34,1
593,46,36,43
594,46,38,17
595,46,40,61
596,46,42,22
597,46,44,1
598,46,46,46
599,46,48,25
600,48,0,36
601,48,2,53
602,48,4,43
603,48,6,55
604,48,8,51
605,48,10,55
606,48,12,47
607,48,14,48
608,48,16,54
609,48,18,40
610,48,20,61
611,48,22,39
612,48,24,62
613,48,26,41
614,48,28,48
615,48,30,51
616,48,32,36
617,48,34,78
618,48,36,24
619,48,38,72
620,48,40,21
621,48,42,64
622,48,44,56
623,48,46,32
624,48,48,75
