waypoint,shot_count
0,51
1,40
2,27
3,51
4,31
5,47
6,38
7,15
8,54
9,16
10,38
11,31
12,24
13,36
14,41
15,45
16,12
17,56
18,1
19,62
20,24
21,24
22,49
23,38
24,47
25,1
26,1
27,60
28,51
29,31
30,33
31,74
32,1
33,72
34,30
35,58
36,67
37,56
38,50
39,23
40,72
41,13
42,81
43,43
44,14
45,47
46,42
47,42
48,10
49,59
50,84
51,1
52,46
53,68
54,28
55,48
56,42
57,60
58,66
59,33
60,23
61,43
62,38
63,32
64,41
65,54
66,54
67,42
68,42
69,75
70,51
71,54
72,42
73,28
74,93
75,36
76,50
77,45
78,47
79,37
80,54
81,42
82,45
83,36
84,36
85,81
86,42
87,35
88,73
89,62
90,34
91,41
92,44
93,55
94,22
95,47
96,45
97,72
98,22
99,46
100,22
101,45
102,50
103,38
104,44
105,67
106,9
107,82
108,21
109,59
110,19
111,45
112,63
113,27
114,31
115,38
116,72
117,55
118,11
119,53
120,57
121,15
122,18
123,71
124,47
125,51
126,11
127,56
128,47
129,55
130,53
131,30
132,40
133,49
134,32
135,77
136,22
137,68
138,6
139,72
140,47
141,23
142,68
143,45
144,42
145,55
146,91
147,44
148,61
149,60
150,16
151,69
152,44
153,42
154,30
155,34
156,86
157,26
158,74
159,11
160,46
161,51
162,44
163,31
164,108
165,30
166,29
167,58
168,56
169,23
170,64
171,1
172,31
173,27
174,51
175,33
176,75
177,41
178,34
179,64
180,30
181,24
182,34
183,53
184,23
185,93
186,20
187,73
188,1
189,46
190,30
191,61
192,22
193,35
194,45
195,53
196,46
197,58
198,52
199,78
200,44
201,1
202,50
203,35
204,47
205,43
206,65
207,42
208,102
209,1
210,56
211,40
212,30
213,110
214,16
215,42
216,22
217,98
218,34
219,47
220,61
221,56
222,28
223,62
224,47
225,29
226,55
227,38
228,61
229,50
230,55
231,29
232,60
233,1
234,27
235,1
236,48
237,8
238,1
239,48
240,27
241,37
242,54
243,65
244,32
245,30
246,45
247,38
248,49
249,46
250,44
251,22
252,67
253,29
254,16
255,33
256,62
257,37
258,31
259,49
260,1
261,4
262,1
263,15
264,11
265,1
266,1
267,1
268,32
269,45
270,80
271,32
272,47
273,28
274,66
275,31
276,57
277,43
278,45
279,69
280,69
281,30
282,41
283,105
284,1
285,1
286,86
287,1
288,44
289,51
290,1
291,51
292,88
293,72
294,35
295,17
296,63
297,32
298,70
299,59
300,24
301,53
302,38
303,52
304,45
305,35
306,58
307,48
308,20
309,19
310,1
311,36
312,18
313,2
314,53
315,3
316,10
317,74
318,43
319,40
320,55
321,67
322,40
323,6
324,62
325,70
326,37
327,45
328,35
329,57
330,1
331,48
332,84
333,1
334,57
335,25
336,1
337,64
338,1
339,1
340,60
341,1
342,1
343,46
344,39
345,48
346,28
347,62
348,44
349,69
350,1
351,38
352,72
353,38
354,54
355,64
356,61
357,40
358,21
359,17
360,18
361,7
362,1
363,32
364,1
365,1
366,43
367,103
368,37
369,69
370,40
371,56
372,30
373,68
374,49
375,68
376,27
377,55
378,24
379,41
380,41
381,53
382,76
383,29
384,48
385,1
386,47
387,25
388,6
389,66
390,7
391,1
392,49
393,50
394,1
395,57
396,53
397,43
398,39
399,61
400,34
401,28
402,66
403,29
404,60
405,18
406,44
407,26
408,69
409,1
410,17
411,1
412,20
413,43
414,1
415,52
416,1
417,58
418,21
419,90
420,27
421,65
422,43
423,29
424,52
425,29
426,34
427,40
428,48
429,54
430,55
431,39
432,53
433,17
434,63
435,53
436,54
437,37
438,18
439,80
440,31
441,63
442,86
443,46
444,33
445,51
446,27
447,47
448,37
449,91
450,39
451,57
452,83
453,3
454,42
455,35
456,60
457,74
458,25
459,81
460,63
461,72
462,67
463,37
464,44
465,65
466,43
467,1
468,48
469,53
470,34
471,39
472,43
473,52
474,32
475,39
476,35
477,43
478,47
479,59
480,66
481,36
482,41
483,43
484,9
485,34
486,5
487,41
488,52
489,51
490,24
491,40
492,55
493,58
494,40
495,41
496,63
497,38
498,49
499,69
500,26
501,35
502,38
503,61
504,33
505,37
506,42
507,31
508,62
509,52
510,40
511,67
512,52
513,17
514,67
515,65
516,38
517,45
518,45
519,43
520,47
521,72
522,22
523,44
524,63
525,43
526,27
527,88
528,35
529,38
530,69
531,47
532,62
533,36
534,63
535,67
536,37
537,65
538,48
539,17
540,57
541,66
542,43
543,34
544,33
545,45
546,35
547,36
548,62
549,54
550,43
551,38
552,33
553,52
554,13
555,53
556,30
557,44
558,47
559,40
560,11
561,36
562,48
563,60
564,52
565,46
566,39
567,50
568,58
569,64
570,60
571,36
572,57
573,54
574,45
575,14
576,51
577,33
578,55
579,48
580,72
581,1
582,59
583,44
584,39
585,46
586,67
587,29
588,36
589,30
590,32
591,33
592,35
593,52
594,20
595,36
596,41
597,29
598,45
599,42
600,51
601,66
602,59
603,53
604,62
605,56
606,72
607,56
608,71
609,41
610,90
611,39
612,56
613,66
614,85
615,36
616,96
617,65
618,43
619,81
620,57
621,59
622,81
623,30
624,103
