18.64384382,16.3726747,33.01471897,19.5224921,18.07481761,18.13619433,14.07925381,22.55853796,9.457403494,21.51066568,29.54943545,14.9397588,18.12873051,24.85234268,23.25859038,23.59774594,13.70000176,30.38820002,10.90184038,24.97652874,11.03499253,29.71722306,11.3657763,28.06686481,31.19818009,17.40526572,17.55040171,21.41792626,20.44434583,13.00669952,18.76568499,21.16075753,31.68333685,17.17698906,17.67250271,20.15612727,33.63581424,16.36432905,20.79974038,15.46227375,24.58363179,16.59451021,16.09484523,34.16447935,19.54137367,17.38921775,32.4092097,26.2839867,12.98535507,11.03140638
22.5607945,23.10946993,22.6862019,12.0775761,18.08568208,27.06586887,21.56613138,30.05095307,25.62705328,25.5845075,17.69533663,32.10171443,9.973421836,23.2551594,19.60309839,29.06176382,8.735424645,16.78082255,22.10353254,22.01207692,28.04492985,22.30620181,10.77700214,9.958699016,27.53865417,15.37390716,24.23852081,21.27686275,20.16066757,28.99515924,31.10112127,10.25744586,18.20565504,29.65460004,19.02094096,7.762640356,27.22327602,21.17649422,15.22566918,33.01758346,13.41323055,12.93892108,17.89458575,17.21907552,11.63252002,9.116400078,15.10651787,27.49680963,25.52326392,20.66251073
20.10230705,18.20617679,17.93896863,31.78996219,26.63737989,7.717073828,29.62753316,21.12699054,9.956888827,15.53458043,31.5674612,11.32532374,29.61226183,16.87591957,21.57083256,10.57017283,29.4679329,21.35215923,16.14229438,26.44985886,20.73312222,21.4572705,13.59425172,29.20063914,19.35970687,10.63158346,20.50366907,19.88757093,18.99582703,11.4562213,18.19407624,31.16186627,20.78727604,21.2003089,29.65865758,31.12660176,20.43073088,9.184775613,16.65707099,31.77467766,13.88302907,26.17805246,21.03920536,17.25274296,19.57707065,27.58760423,22.3673478,28.70119759,21.888026,31.55827556
19.93904416,15.64138795,10.75284545,23.49896452,12.36263097,6.0202533,14.64292253,7.832435983,36.14990923,24.13805588,10.74044064,18.3888681,15.80162572,11.61973797,30.7524989,17.17578634,11.11929988,30.59262856,28.47409956,16.79200717,23.52171704,21.93533141,29.53120218,12.96377502,14.23359034,28.14637343,14.17233597,26.85854122,19.37323005,8.785534528,21.54942025,17.33112797,22.56073165,19.20273975,25.19375547,15.08284339,32.53471496,33.51921916,11.33344264,17.9432143,26.50664578,9.261688443,31.76729695,13.88699826,33.08058479,28.29940542,5.507062054,5.168825291,11.3100765,20.25100815
20.45613712,22.75229585,18.41624601,10.332551,29.63895277,18.7479843,30.05917646,18.50262359,10.89119329,15.99786225,13.47397002,19.28554662,18.66663231,29.00087652,15.99070747,14.53466515,26.32759575,11.68045128,9.458144649,30.69273502,12.92820007,12.38614757,26.03190963,17.53111988,15.86141283,28.35405196,13.65024956,16.79809775,26.18168888,30.20373932,22.51675988,17.19249116,25.1357376,18.99247099,11.83145025,18.37088862,15.17478943,7.393546077,22.65547067,33.14224654,14.47726719,25.12266331,11.31128513,10.76694632,26.14451443,13.66881143,12.04725536,32.14356329,14.44347791,14.85167973
20.84459396,27.31063236,24.15901789,31.56643819,12.35853786,24.1104835,21.09275199,23.52423777,28.2960854,15.18662414,29.5561002,35.93491812,18.49960533,12.6849119,18.4591992,24.18799597,21.56955643,22.59985032,24.831322,19.18339319,14.2460709,27.49106727,21.7523271,24.78409992,30.86896701,25.50891493,18.19124886,14.31512783,31.51839401,28.03924713,15.93176378,30.32495298,11.30763849,22.11492572,23.62850743,23.66768872,12.3836105,30.35292277,12.55113307,11.69379602,27.5891668,32.82838255,25.7711422,12.70183803,9.771636027,24.05744685,31.66269231,32.75838976,17.49927678,31.03015506
12.20363987,25.20019291,13.08206158,10.2351845,14.75685647,33.39406833,22.44854152,31.97591391,19.63026948,16.98679291,29.30449096,25.51087471,6.88917228,23.93940378,29.94091958,8.492943985,18.84754585,14.97470556,18.7733685,10.61298836,18.82241008,17.97237576,14.61219953,20.27250391,24.6352292,18.86546498,20.00580155,22.52611775,24.71629181,8.24326898,24.30956418,9.835938016,29.58869229,24.48414455,14.95596906,19.5941442,22.63931634,26.04516567,17.02966964,15.84893502,18.93243073,4.152939825,25.41045756,25.41303035,15.14994362,32.05608538,25.2319053,27.95076627,29.26581397,17.86725765
18.76130992,30.2139769,13.17511507,25.52560844,23.40209338,9.165063719,31.90616796,17.50120983,23.43180958,15.00379568,26.54089664,2.786167152,27.54834017,15.6190343,17.14088191,11.4833063,29.44082993,16.13062969,32.28802526,15.62745696,29.40476607,28.1149319,10.9566432,12.3837066,22.46310726,33.76263159,8.795105491,16.81571717,4.554131284,19.77655312,15.3824675,35.17907304,6.279336781,20.2383292,31.1374965,32.08826398,9.155503633,33.46044338,31.75415244,16.56609027,25.21702025,23.77210003,25.95359768,15.20180797,23.13833994,15.22901911,25.93202229,4.500481273,20.8067415,4.890620073
13.81882455,5.212423225,33.30963093,8.999752022,25.996259,7.945263156,15.95232682,21.74375374,11.12941904,23.70659448,32.15943454,22.27841429,28.60768589,25.94409338,24.10908348,28.86806686,28.65383803,32.35747184,8.766194661,13.86703574,16.23416814,28.85816398,33.10712367,30.60718557,9.591056962,7.022544196,24.7865407,14.74998229,30.15108628,20.37820261,22.29007851,14.0017237,27.28473855,10.31093022,14.50785391,29.20287888,16.37570225,16.19020898,5.596867356,26.6592902,17.08401093,20.56179121,10.55712857,25.18074087,8.25302457,12.54646919,18.20348983,33.25843601,22.91208553,15.45076734
32.15661707,18.16024147,33.9295636,8.931300181,32.85964091,23.77690573,11.48022269,32.80389186,14.00335087,17.53739741,10.98527968,29.63098001,28.26809677,8.077275577,24.37634607,12.44972781,12.30470287,22.87562276,24.44463818,19.83650243,14.1546629,18.52379034,13.95878159,20.16393604,23.28064571,30.34662731,24.94624916,27.77283681,14.03757502,27.07944243,8.650921465,20.77954315,31.44498178,6.813563573,26.90186646,12.03604222,12.19893173,30.92425335,28.3654331,21.02655672,7.960914411,25.42457445,28.12599835,27.35750869,24.12468579,32.55763198,14.54954302,7.98317939,16.89731932,30.7581895
33.02246713,9.663876416,12.94543143,24.20902937,11.9944248,30.35576822,20.72029564,23.37607746,20.04195721,25.05491806,13.35005157,11.49253314,24.43758451,27.35177682,22.82035545,5.352001577,26.12362868,18.67673398,18.12857474,12.38972467,18.30484148,12.02707166,23.85558887,16.40911086,14.05228841,19.12765717,16.75485455,20.18608591,21.45951663,23.76975813,20.10304122,32.31381287,14.15684319,18.47772359,27.64112405,10.97661899,19.18056538,18.47437816,16.94950343,19.73691405,32.24850766,17.4295956,16.40965443,28.51087509,26.79480996,15.76738091,30.99794339,11.88990384,31.33734858,24.66035688
24.71599175,29.595802,22.21182427,14.98418146,22.01336252,31.3435879,26.17576776,6.824552462,17.84247078,10.78151998,27.83845502,25.25663773,28.84428478,9.258964041,28.73656944,12.25984544,24.07488059,33.60814548,10.48765944,25.17163602,38.08443107,18.5829659,25.99434622,16.78275542,22.34386835,34.61616826,7.885256668,19.50526568,7.589676609,20.61563647,24.2722813,26.38459305,13.25763406,23.72251098,27.39843365,31.76180575,15.7129327,30.57161457,16.01607575,7.221172353,29.25817315,8.712457893,13.26139608,8.039188871,25.83171319,9.820067268,16.82312242,12.59595644,26.82852868,17.7411421
29.28351191,11.17392556,21.42376607,9.718672563,26.43940659,16.90870797,29.64503026,14.60809142,30.91556365,33.22707834,25.01302316,19.31575827,14.70426711,12.66712654,16.38783203,38.49855963,17.90403994,18.9750983,21.89723796,19.8999731,27.34444143,26.48070093,8.957673221,17.37694205,17.61276002,14.65425652,25.7703105,12.72600587,29.85071367,30.04329083,11.02653555,25.0263879,11.47198261,4.760131154,24.28869126,14.48440135,32.71493727,25.10473912,14.69511246,22.27596922,11.77175824,36.12239916,15.74719421,17.47735351,12.72349416,30.10274537,26.0644717,25.51243559,15.30452341,23.98353362
12.19305203,31.63332785,27.42903337,10.70030746,17.70888359,15.25364751,17.2682512,7.380913929,11.28925387,12.67535897,28.52085935,19.68038165,20.57869388,11.58517676,22.47019983,12.33793876,13.71174413,25.31989451,8.055295811,8.840143729,32.80365591,29.36138041,21.46178197,22.96996148,26.08559097,10.0168629,24.90223611,29.20119142,10.65902223,6.544150968,23.65648985,27.06012779,32.06159439,28.32571005,10.09637551,18.53472746,24.43518408,27.95463499,19.71094929,8.701651822,27.13918037,12.34948182,30.70095255,25.50661402,15.19105573,30.33874466,12.69018263,24.127317,8.116097679,15.42370076
31.15033966,30.82777561,14.08779085,21.92823158,22.16161411,15.16171608,29.00270573,12.71032749,26.40097575,10.25801409,17.65492868,24.88716413,33.04399353,31.51063753,14.38611225,20.97784262,26.92358044,18.32722774,28.1353737,29.13229888,10.70411772,16.62519524,9.993968488,31.17643284,17.63036111,22.89273687,19.92715736,22.38774973,29.74878084,7.101404015,20.55151059,25.60800792,18.14042126,7.783051942,26.11105976,31.36509133,10.80861682,23.90349444,25.83293514,18.48910577,18.97226099,29.50489512,15.57372892,21.48266956,17.02427299,26.61513505,26.68283669,14.92055573,28.61368897,26.97054066
22.15333234,14.97709453,9.96381058,15.28867336,31.99328141,19.26284605,15.37459948,31.29873875,32.35386609,21.79564285,11.81956396,21.70074559,12.05301277,21.77158989,31.02247436,18.52162396,16.79535443,17.62195047,11.13739969,20.30061725,16.94835666,11.93862712,31.36248479,5.858600004,24.35075236,25.70077642,12.24016669,10.39816752,17.54921358,29.6568157,17.41076932,26.0192361,23.85695583,9.20894147,20.76920853,22.70527893,11.12435884,5.56261191,24.77220244,5.109511619,25.32352123,20.67800001,20.2114382,12.29672297,18.06411471,15.35563373,22.73692695,19.34295182,18.57046343,21.50662139
28.39516423,8.458732205,30.68121616,17.10142803,13.3700516,21.33449888,11.94159201,25.93691392,13.54245987,12.82289862,32.56860891,17.85847553,16.06317997,10.88727421,25.24143585,9.967859268,15.78062093,26.97011018,27.62189066,9.40344625,15.64084766,25.33974015,15.51881204,25.10483499,18.64379478,27.13516106,15.66270385,20.52978903,30.21189653,14.53729506,25.70256974,15.5453525,22.34950533,18.83621108,11.57757333,27.72403874,27.99717569,11.70159789,24.57531965,23.3119496,24.31899698,28.58630437,17.26041359,24.05874316,9.862619472,19.43266592,21.25708949,10.5813815,13.2930785,22.87002651
12.14870201,23.74379803,21.49406896,26.9145395,26.85398768,13.70319627,13.1183212,32.76914555,23.38537633,23.5788195,14.67784115,15.37241647,30.93925321,12.65859346,24.13165701,15.85106371,30.41921165,24.05593234,29.81323302,30.24621492,21.13923282,29.76031976,18.84379378,11.45908072,27.3375388,23.65463817,13.37606849,22.28672405,24.91409271,10.10195873,13.51917924,21.69832965,18.69244591,23.55562769,18.53925441,30.36107863,28.37863912,20.79663873,29.83893814,15.43968464,21.79986894,16.3348325,34.0605671,24.92667416,27.19055505,30.90888017,17.88767491,26.13038619,33.84229598,9.992506462
27.79121795,15.89437166,15.10664461,21.32359333,12.74598065,36.11896769,19.58364849,22.9124815,13.74463369,16.0113478,22.222116,29.40947698,31.77226487,32.7050523,9.980767614,16.0891195,25.42365042,11.52758208,8.656612759,21.13426382,33.12866356,26.17123303,17.4589064,14.46412996,29.26871361,21.17205715,28.99493836,26.64258074,14.47842293,32.45847275,11.90072464,24.81252726,11.28879116,14.8937633,15.79737573,25.64093517,30.85651097,6.573834585,16.8086675,26.1263863,17.54238797,22.93933364,13.40840526,16.87002826,33.02742564,8.13051642,12.91710207,13.42176216,21.60627651,19.64994163
28.57832588,20.00980588,19.08173441,14.05375651,19.40300521,8.478716304,9.655054474,28.04559547,9.125361712,30.9422288,20.2265575,28.5835365,16.76239018,25.87973153,28.94924791,19.23124018,11.24250496,23.0192922,14.49404097,30.50292668,9.922995276,22.01334569,17.08590041,23.72469714,25.78714086,28.65643219,8.282412279,27.66644326,25.66462137,21.80553177,28.43742821,12.67597233,31.05655285,31.7035603,15.04319009,13.58355126,21.4213876,8.607344459,27.6390353,17.71679976,19.05174845,13.37874814,18.16197265,11.93561575,12.98935122,23.56694179,31.65274513,27.58877605,10.44365632,15.72304678
8.335689074,32.77795973,27.78173447,23.20158847,9.790365426,35.10452385,10.79094175,25.59076221,20.2216141,9.505432572,25.26532376,6.57554527,27.11747805,19.23325521,11.51394421,13.03479113,27.49174181,18.4089502,8.924805438,29.07828299,16.63107248,14.27896912,21.22382196,28.68426267,7.338959426,26.69874834,22.5262179,30.9009005,19.27529,11.98884378,22.55123715,13.96046683,23.79942708,29.53960242,10.40798789,32.04522756,20.87253819,15.21242036,25.78895325,15.37354843,16.41590139,14.72683196,23.28692738,25.19186021,18.10725036,22.12023354,31.09103903,17.55804213,27.99629981,13.08318477
25.54512889,9.986000291,18.38817962,19.56542647,23.93323985,34.61713605,21.63958674,14.33634156,24.78938205,20.78928809,27.3168446,31.63563835,5.679532457,8.714370537,28.16683022,28.32234771,32.09640013,13.90897301,31.08585675,20.9250927,13.23905716,26.6413083,15.03095395,32.6422851,29.36430301,7.704176978,29.36682862,14.92241561,15.77542778,30.51037645,10.32672388,16.68565389,30.26470289,8.67825509,22.66715526,33.23481728,11.27596334,15.19063074,18.67480491,24.43445874,31.89033247,25.38576013,13.28954267,23.69374204,23.82599232,20.6415842,32.00288967,31.09817658,17.24875405,5.859087244
19.31225425,19.59654578,18.32992623,10.210751,11.94375161,8.774036706,12.91427114,21.45409223,14.9508476,30.93127471,7.629535164,11.0481124,29.8060127,11.1368677,31.15429347,16.29202934,24.6527526,8.781127658,15.87992849,31.1040713,14.84831404,26.50825015,9.370769423,16.08639309,8.169032855,33.21677539,20.99241762,20.24627077,20.49137714,22.98593718,30.1098333,19.58063062,11.44015281,7.560886002,16.92090993,13.42016947,10.72382234,30.8038461,14.29732185,18.68046159,12.40088674,17.55715242,26.25906051,29.84880421,27.91028301,26.52052042,12.11263836,16.38646034,29.09244383,26.60654476
19.00094675,16.77269114,33.87128223,21.38691552,27.30355445,35.89557359,35.11898945,12.37862354,18.15313096,32.57974751,23.47018205,26.30042711,28.51011246,14.30070757,20.21449034,31.88160499,25.4245717,20.22835802,18.73786036,10.36128949,17.39255191,13.79845375,23.11774703,34.69775003,7.37218887,22.75737368,9.649857937,10.16832858,33.60246149,10.12961988,3.863158894,21.36875728,33.13994192,27.46747804,26.94294766,32.95830968,23.41785729,19.96987285,19.71257432,28.10757337,16.65500554,15.79141704,11.35651682,13.28049315,17.15383916,8.671322325,20.85285893,11.06320482,10.93650068,15.73844326
21.1506999,13.3246371,29.0063587,11.97373328,14.27527907,13.44676515,22.71308916,15.942424,16.80952137,19.19719274,6.197050302,29.7227056,18.8140921,16.63234105,9.230999436,22.06635968,16.10789754,13.96861274,30.77199866,21.88607506,30.52360807,28.67382068,14.00145007,15.31662491,29.77247587,30.98638413,26.83601352,10.13690079,12.80487484,25.9502956,25.84686899,23.82607514,26.93995874,11.309066,8.898535349,22.3529207,29.61625939,10.57122117,9.14722899,29.8965856,15.22117224,16.87089272,25.29287381,13.70014681,33.02654355,17.63266022,19.16394404,28.46894881,27.86894763,14.85467755
29.43671081,7.207425745,13.5996281,16.47453468,31.24701825,10.58672655,14.07175163,15.08822727,29.77618288,14.58386307,14.36720379,23.04639512,20.71063854,25.59428819,21.03079382,25.75315382,33.50625993,16.325219,13.88329713,9.795338489,14.94773116,30.25207256,10.41015503,14.02098412,28.04997958,28.00832624,21.14296735,27.74241329,33.20618931,8.403159985,15.50775873,30.88682357,20.60998476,11.95568872,19.73142401,27.64351832,31.27929912,28.68964994,21.33183077,24.89142589,8.572112159,34.60618243,26.93780762,7.905719466,32.08313802,13.46226201,26.94575817,17.36138223,16.67521868,24.25318508
10.86883404,22.07378654,10.97176013,28.95315571,12.9372651,15.67627837,19.78840617,29.35533585,19.70404009,25.83194915,28.10805435,19.15579743,18.45140788,23.61026386,23.31868143,6.269198028,7.578576037,24.34929304,32.15515193,30.53876571,10.80682972,29.08883615,23.52949298,23.70530738,27.3754792,13.81581694,27.19362201,27.03979068,7.521021379,20.43607742,16.50743256,30.73747107,15.47299566,10.78983181,13.18274654,31.149362,7.562019714,29.02560523,14.17153575,12.57578092,29.53647085,23.55465224,14.18775825,14.76113773,24.07276897,15.6759739,20.27586311,30.03261219,18.0064312,5.833198659
25.77507674,35.32545112,29.00675111,27.56079418,19.87257644,30.82257215,26.30740915,8.411128528,24.55134524,19.29601021,12.23486603,7.422929602,13.21878101,29.19022644,11.73823648,18.38516127,25.40723037,30.58401192,15.77020572,22.94628277,24.33280922,6.056155898,17.72043095,5.954956394,25.58633469,12.33511749,28.78470888,30.30246378,29.59773969,28.76674468,29.65684112,7.526515889,16.36588004,33.09372975,29.11918883,29.68930851,20.75581104,21.69587687,11.93584128,27.54921522,19.98437181,32.37089385,9.743108745,17.29316848,19.4097913,21.46241783,14.76597916,29.62827922,22.13013673,20.65164371
11.93543486,14.58907632,14.26655701,6.781864324,23.56849755,10.64155485,20.30754675,26.4390286,11.7431808,31.92706431,22.12593212,13.53389177,23.83278183,29.17546611,5.913915042,30.72675181,9.343910985,24.86658203,20.60883477,30.60614885,20.10938173,29.43901043,18.39765954,25.53535033,25.05195164,32.17452117,8.748443586,10.67083548,16.38066367,26.53113516,7.689707664,14.45779998,28.50765094,17.45598069,14.6453763,32.07611198,31.93781084,22.60246265,12.07130115,17.35451677,31.63482874,11.84314497,27.40561272,14.60446304,24.47917001,22.57307138,21.49328881,16.79656822,25.32763818,15.35259913
16.86498971,27.96684466,19.75038656,17.23839636,28.72601499,13.77890329,22.90746863,6.888540081,19.13031394,17.14822683,17.84487465,32.43021988,23.6221022,4.590667717,27.48813244,29.70080354,8.798711084,17.63318488,10.38549118,17.76309699,9.555457357,24.51871871,9.957270812,27.99023197,33.19101976,13.05920208,33.40124644,24.94488651,26.36679132,22.62824247,25.671353,21.99229582,23.13720964,7.844603169,19.56254386,17.00680857,7.726785636,24.22619878,32.15211878,9.745061084,16.78815886,28.43987219,8.25097059,22.2677662,27.15219729,18.74214617,15.31733213,12.49237495,9.159842899,22.75596138
32.90810159,27.0081847,22.02514802,17.35660331,28.44222246,27.34679679,17.02067054,26.48560082,26.70303089,25.00056027,12.1296065,13.06189403,12.2359129,30.00996493,26.92953052,24.55110112,20.5752879,22.06120337,9.244396125,27.0973771,16.93638289,25.4956434,18.56163975,24.71006425,13.47640533,14.2404908,9.408249827,34.65270536,21.56488727,13.66483323,18.81472618,12.31679315,12.67705941,29.75928821,18.35797086,20.46701704,18.50456138,27.12422405,16.17462213,10.71062399,15.04345782,29.47032235,17.11672211,32.09171812,19.28438858,16.42984482,18.26366693,32.93524562,25.92277722,7.146428343
18.82596498,23.08456776,28.69448676,30.66878349,29.03117215,25.46960764,30.23392252,18.24439456,6.708398037,16.32181731,34.72437873,12.15009206,31.43907034,18.94402579,6.24595818,30.92325182,6.402312288,28.00133426,34.72083823,19.34715451,22.5984961,16.96638337,10.66300618,27.80372587,11.46507663,11.07457979,13.33891725,27.18610217,22.12991023,28.94645425,29.9870827,6.361561251,30.19536262,25.03946922,31.21177545,9.599658604,23.23784114,14.20436992,15.62778826,27.64263899,18.95367821,23.54220742,27.89368481,18.16030345,8.234967275,9.757877735,30.00770252,15.36757216,22.05251267,27.6078139
22.18855562,25.46610043,28.62897361,14.41984037,6.859732094,9.646800765,20.72745413,18.7600194,22.13645019,24.71770881,25.88003981,9.30467094,20.71806022,7.193887441,21.69545071,26.99646348,6.266162075,30.32804135,10.25552287,30.77050256,12.31956528,7.555196626,28.45853055,17.29096718,29.9326431,29.88102575,12.68163322,30.92082053,18.69521858,17.36271545,11.49522836,20.01546596,30.82179538,17.67731253,17.79372852,27.96291009,26.9498761,25.29316537,22.39634508,29.97333628,31.51108437,22.66521852,13.96371795,21.58132402,16.6438704,26.92847277,11.31463528,9.632107318,10.35624412,17.51724025
13.11853803,9.027097503,27.19753564,14.57429204,32.92424168,15.4142335,16.7581649,19.48611106,29.92803834,31.48713607,30.09433369,23.250837,34.10360877,14.9434794,23.59715291,27.02058649,28.70300017,23.02341664,8.800298837,30.46105129,26.03957633,21.10052999,31.0695396,9.503250733,13.36684459,15.49410702,14.46794669,24.55308906,30.18643958,16.55067335,27.65247006,22.20024021,6.351872824,24.23426318,28.84682413,13.50586846,6.679642858,4.490361413,31.85210875,10.13918237,16.55542467,14.24948074,7.989675375,25.87200959,30.21055353,20.03545737,29.1203925,27.73360894,31.46667852,25.20179392
30.96962173,19.57330439,18.41476718,31.50325095,13.58186227,15.11181069,31.60051375,11.07800514,17.36841726,25.98453082,26.41693586,16.92996894,15.631302,13.21564972,26.1387427,28.51308163,19.75447253,29.53780435,19.43756336,8.81388844,18.87552556,10.31424298,23.96704266,19.19950031,11.97741037,33.78599109,25.59198799,17.89193827,11.83965979,22.01803599,5.306295312,30.90545642,20.8320346,18.43425172,19.06741063,29.69803872,13.64698824,30.47511497,14.34114549,28.87820608,22.1641604,6.072110223,32.43469744,12.84709126,20.97643114,13.9879047,20.85721781,11.67258549,26.28805622,24.41501836
25.68724698,14.0734495,13.71486186,15.11312357,22.13272337,17.68283148,26.61018319,15.68492477,10.61917404,8.679709277,4.835851992,20.54348093,10.92141583,29.76027272,18.30945338,17.16650683,4.928911093,29.07949942,13.66174346,32.63828905,13.38863917,33.32063124,10.25887517,27.71033235,17.8502349,35.4808195,24.05270889,16.26066883,12.7547726,33.37462205,17.29332137,30.23696887,4.206154509,23.68623551,21.37525909,21.27786998,21.14779454,34.28569294,29.54949203,9.439395693,24.03520612,32.80803532,17.81554086,21.89769534,23.81191904,31.85120353,11.14322348,26.57472575,16.32933279,20.76899521
24.62655916,22.03586289,20.75023538,17.89169775,25.79889666,11.60155881,16.93494431,15.3243569,25.92220454,22.42890616,26.4182215,31.07942789,22.38152874,27.06544604,27.47796129,20.45450257,15.98652712,27.78819743,13.79296171,22.43898738,18.6286679,12.96090486,15.76876948,15.31053376,17.60174006,8.930800971,24.34092431,11.96234885,23.61344686,23.87679413,22.81795022,25.80322717,18.97021548,23.82067461,29.1345211,9.702600298,17.19733119,23.90231267,30.96931894,8.706185371,16.85131049,6.884347333,31.74834977,16.31698875,26.01597115,9.961679211,28.29096449,9.209443954,16.90194041,8.86736826
7.25795562,26.63947173,18.10807908,22.09012464,24.26434262,22.19382988,20.97740512,35.14653399,27.1073097,8.257893543,25.446185,14.1451182,5.016267635,15.23743007,9.49233061,25.61874931,16.21723582,27.9200327,33.63304722,19.78333923,15.55809233,25.74622125,24.26207262,24.03124183,19.35315875,16.4049951,12.05525571,29.12658695,19.82861462,25.56500021,16.04973638,16.78196781,12.35277405,20.02419874,19.44236909,11.63850527,13.87953224,16.3043999,28.11689563,27.02315963,27.05827803,19.08255517,29.1955479,6.856867775,12.57162788,19.9287904,28.2691096,20.34611118,36.52765816,33.27839573
29.90061958,27.84172879,13.21540497,24.44558949,7.611348219,30.62216376,16.78392435,11.24221514,19.66432157,20.64664493,14.55827995,19.36556772,27.39218849,13.5247045,21.71541252,20.70260424,12.90183272,19.43432061,15.40426653,20.57214037,17.52495413,16.32914905,27.43660233,32.80191473,27.80978028,26.11808218,18.16244612,24.89085342,31.65277926,11.60778091,30.29289989,15.18572505,20.54298624,24.01955408,15.82579226,19.98822025,33.32139848,17.2967591,16.67271955,29.35300565,21.02334195,12.65490275,27.1533866,27.27224726,27.14590846,14.54869034,11.86407188,22.09362634,6.876963508,22.34870609
17.18623054,25.01271161,24.88631835,15.18687338,10.94676693,34.53304158,5.849809353,16.5089158,20.67208957,18.13679918,25.05567118,29.62906714,25.76968907,26.17141287,15.44051502,28.68279678,24.62620454,13.36064005,8.501660023,19.20000501,27.48864621,13.24341163,28.6649094,26.27747805,21.181261,28.41040657,8.871766442,10.29721732,7.142853158,21.54174824,18.53021037,16.42568194,10.90008399,34.71646304,27.10244884,12.48771664,15.26407852,19.93085525,5.385949871,14.18391124,19.43436521,30.46405982,30.87148962,26.0771452,7.135770579,24.19875045,21.2839618,27.29098975,20.0630202,20.50807677
19.5343469,9.865540233,27.75874679,8.561093111,23.51041751,30.92519562,27.25498147,14.89808481,22.12841772,31.54914521,12.34079974,19.70930962,30.04639862,30.63666868,22.77970026,31.269475,25.31802589,31.54911273,24.07224996,26.262555,11.65527456,23.26362287,17.17869656,6.722765753,22.30167736,31.93574008,20.71431817,14.2031774,32.23251562,28.84526213,17.41679388,26.97836188,30.06657975,26.13321078,17.47327015,22.68245493,28.66958534,25.33500607,21.05531592,32.13372276,4.65156542,11.72779506,30.74837289,5.502298585,26.71459925,22.75750028,26.09746996,12.91547809,12.40443556,18.0002081
21.8542379,25.3182386,21.92411559,10.58016606,12.89566704,27.1348256,28.68629278,18.62200954,12.57169045,16.29745978,5.427715124,24.51488949,10.38915715,17.07823138,11.19381141,13.31290862,17.66611579,9.612025759,26.67310278,9.43408289,28.90719211,7.699257887,19.96684291,22.79931275,12.59258033,8.697289591,29.85298411,28.27857733,8.139441424,13.10628615,13.29403345,16.37404098,8.327373897,15.97560641,24.87103,26.87865823,27.23396068,10.30124692,18.11324735,27.43699516,29.2905157,23.63710374,16.78786487,8.749995493,28.36776732,14.23428919,11.55017576,13.09340805,28.75742342,32.80439802
17.03527632,36.0549452,27.63060431,18.89242471,14.34450309,20.88872929,20.52845032,14.18170609,27.95731592,15.08429732,19.5017532,21.15789124,27.56510598,6.726018203,27.38515376,19.83191262,27.38814131,19.81321672,23.57872432,32.88287902,22.34877397,23.02125857,29.44608567,32.6053572,15.28993025,30.34338048,17.37820061,13.86713515,28.03692202,21.00069647,30.31261365,14.42338598,28.32694505,26.50452139,14.68296201,12.35266997,23.84040608,25.44131552,19.83729273,7.609986636,27.29884182,21.71199377,21.63413314,18.96710825,15.98302603,28.3137284,20.49120464,27.01011648,20.18267404,7.767905218
12.53044581,6.366121616,12.69984778,9.752230876,31.9486779,22.37979253,23.11622584,18.20888693,22.9369782,18.61529731,30.66061559,28.16032033,9.472949879,29.39960649,17.63282255,31.44868469,20.74971089,5.51328504,7.735139826,13.42398719,27.99978667,22.40360838,11.40059375,22.06466011,12.84491302,9.393168804,20.01942777,14.50224305,13.4984963,20.85761859,25.20677964,32.60095269,25.25590225,10.0683395,24.4980555,11.0747781,13.97384941,21.95300316,27.68569941,16.96569345,15.83936583,9.741738077,20.04195311,31.05613667,19.37485809,5.776715499,15.42562173,28.60029984,35.89480006,10.3423023
29.5359747,25.86693154,15.3164586,30.53467374,20.11056744,16.97694311,21.17377369,13.54181524,16.18412734,22.46658734,15.42581441,7.913052078,30.61484206,25.76970764,10.64523264,28.30854212,31.24819487,13.84185956,23.31166403,32.83366078,14.31355483,19.23952991,18.13032452,22.63833962,31.42905538,32.22662493,9.219690876,32.56833006,12.15457964,30.3156262,26.59638734,5.371138568,17.10646381,15.9110434,33.00387993,13.84628415,18.66547677,24.81003771,33.37214256,19.8779114,23.39228776,24.78944698,30.86196583,31.63426853,11.60725753,18.88567118,27.23514453,15.98975468,17.01679893,18.32231591
25.89551989,3.523488606,30.32970238,15.44678367,22.24932506,20.28794686,22.13945353,12.31747623,27.76020112,32.49258827,12.36546465,31.06421537,8.040120506,20.06419337,17.02766701,8.269957323,20.63102137,22.14261431,24.51959812,18.8497949,32.66061535,15.10397301,26.81478718,10.00366121,7.384281819,32.96608813,20.73358347,8.438581033,13.9271563,30.40796253,10.52823816,26.66205784,24.80609608,10.56363082,9.16655955,35.17483787,16.52808429,19.31161194,5.852860958,33.65851676,9.928938345,16.0008638,14.3658497,26.09862973,26.89568889,33.08729489,10.53662608,10.37438667,27.56661618,13.62725581
26.61153849,26.13170572,26.57203183,19.15700514,12.73740968,28.37959178,13.55876723,11.58176304,20.02197202,16.08078252,16.70490198,21.68480739,15.62700249,8.869005254,24.05166722,6.493209875,24.05249516,20.46253445,12.25768558,11.71987093,20.69367995,32.48177651,15.16383198,29.36502831,15.0012513,15.10615115,28.55920456,10.74546715,32.19369122,13.53840774,25.77459179,24.42894002,30.82406912,29.5024155,17.51115779,20.17378322,25.47498612,8.209903058,25.14742019,21.8898691,15.70640079,16.03514989,31.69251255,13.7483539,27.01739966,25.99551734,22.1040703,26.51239871,24.37547962,7.916563589
6.765109543,31.53808232,14.55937919,6.424791435,27.13504431,32.828083,16.64900119,25.17469136,31.57278705,18.16689926,21.54671762,18.30921024,33.99478341,30.84610569,34.91346465,28.9417622,21.04617099,24.51373804,21.14441283,25.11753367,25.43163799,24.06568252,13.77821754,30.47931153,17.37588702,24.73035043,22.88415118,13.70865908,30.21213112,27.40263725,30.24687874,11.15867557,20.0626091,8.825772025,22.71475992,16.83483079,30.53754184,31.29412323,27.55214026,27.13065317,21.86540217,26.79209281,14.63813311,29.04676286,22.26578338,9.28293477,30.58449989,25.83955122,21.64172948,22.54620691
25.73571058,9.967351693,27.94514008,25.98722744,29.14523184,12.46903997,20.53735775,12.90940107,17.19534821,20.56393558,25.95978099,10.37950682,22.14344369,11.09885614,6.44664812,31.4782152,22.99519377,21.18441493,15.84978699,22.72135822,22.41444085,13.10123316,9.287729364,11.38521041,17.11395602,15.11050003,24.29282731,30.95317804,10.94242601,29.71090542,15.89801255,7.699323877,29.88202141,34.85011971,9.03045152,23.03484556,10.41136439,26.39399599,11.08982316,25.80789614,10.89191425,9.806866472,10.98538992,20.03751319,14.86718062,19.85560855,21.45111332,13.70954861,28.11979488,21.95766313
26.39274972,19.72033565,9.332808022,23.80211221,23.86756713,20.30315887,23.4382058,30.90911712,10.85162172,16.93274137,15.73633384,21.79573563,18.57102403,25.37619208,25.61381452,7.902926216,30.28548944,24.92823252,14.09456065,11.73263856,8.785680774,29.40354696,30.10188679,29.8218786,18.36920072,23.36860866,27.67848199,13.99392585,6.64530466,15.34419204,23.4009926,17.38244252,8.169705307,23.29398861,29.21771489,5.781038856,26.9662467,6.017233832,30.1258248,25.72303049,31.17354538,34.11104735,21.45494847,26.09455866,13.69761752,31.45638068,15.32199352,7.538037116,10.19030874,21.16333548
