waypoint,shot_count
0,26
1,22
2,44
3,32
4,38
5,31
6,39
7,29
8,44
9,45
10,1
11,46
12,29
13,33
14,30
15,44
16,24
17,37
18,16
19,36
20,26
21,32
22,52
23,21
24,39
25,43
26,40
27,62
28,23
29,44
30,45
31,30
32,71
33,3
34,60
35,67
36,45
37,34
38,60
39,47
40,39
41,50
42,57
43,63
44,51
45,64
46,39
47,28
48,48
49,80
50,25
51,52
52,37
53,48
54,67
55,47
56,49
57,46
58,53
59,45
60,47
61,47
62,46
63,46
64,30
65,52
66,36
67,38
68,28
69,51
70,17
71,60
72,53
73,28
74,50
75,39
76,42
77,61
78,34
79,33
80,49
81,35
82,60
83,21
84,57
85,21
86,43
87,52
88,59
89,43
90,54
91,64
92,47
93,50
94,44
95,47
96,54
97,43
98,53
99,65
100,39
101,31
102,37
103,56
104,62
105,30
106,44
107,64
108,31
109,65
110,48
111,75
112,13
113,49
114,39
115,38
116,36
117,33
118,47
119,56
120,39
121,70
122,1
123,57
124,58
125,29
126,57
127,56
128,24
129,36
130,59
131,46
132,28
133,45
134,55
135,25
136,34
137,63
138,56
139,29
140,65
141,42
142,54
143,52
144,41
145,25
146,45
147,51
148,58
149,46
150,32
151,43
152,43
153,57
154,54
155,38
156,50
157,62
158,49
159,35
160,54
161,46
162,31
163,39
164,61
165,33
166,40
167,42
168,47
169,38
170,59
171,66
172,38
173,46
174,52
175,34
176,44
177,50
178,29
179,51
180,41
181,40
182,37
183,32
184,45
185,66
186,40
187,74
188,42
189,34
190,59
191,45
192,63
193,31
194,52
195,44
196,24
197,41
198,32
199,68
200,50
201,25
202,44
203,63
204,43
205,46
206,49
207,47
208,59
209,50
210,22
211,40
212,21
213,43
214,58
215,39
216,38
217,38
218,52
219,45
220,34
221,60
222,66
223,41
224,69
225,21
226,55
227,47
228,42
229,27
230,60
231,42
232,45
233,72
234,3
235,54
236,56
237,60
238,28
239,54
240,27
241,41
242,56
243,45
244,37
245,64
246,42
247,31
248,31
249,51
250,48
251,36
252,41
253,66
254,43
255,54
256,39
257,52
258,1
259,46
260,44
261,18
262,11
263,35
264,25
265,23
266,57
267,38
268,52
269,38
270,41
271,38
272,44
273,58
274,71
275,28
276,58
277,30
278,48
279,37
280,46
281,39
282,53
283,81
284,28
285,61
286,10
287,103
288,32
289,57
290,38
291,26
292,55
293,42
294,48
295,56
296,57
297,48
298,41
299,41
300,23
301,40
302,58
303,55
304,31
305,52
306,46
307,35
308,27
309,38
310,20
311,45
312,5
313,28
314,49
315,37
316,43
317,46
318,60
319,37
320,35
321,30
322,41
323,33
324,70
325,37
326,66
327,32
328,37
329,58
330,52
331,47
332,58
333,42
334,57
335,23
336,73
337,40
338,34
339,45
340,16
341,55
342,32
343,40
344,39
345,58
346,65
347,39
348,60
349,64
350,19
351,51
352,27
353,69
354,23
355,41
356,34
357,53
358,28
359,48
360,33
361,25
362,32
363,58
364,44
365,31
366,40
367,62
368,48
369,48
370,45
371,32
372,55
373,21
374,47
375,48
376,42
377,69
378,30
379,62
380,43
381,47
382,79
383,34
384,22
385,54
386,25
387,59
388,7
389,42
390,50
391,25
392,53
393,36
394,40
395,54
396,26
397,58
398,44
399,79
400,25
401,25
402,54
403,37
404,53
405,37
406,36
407,46
408,2
409,69
410,30
411,36
412,41
413,42
414,52
415,20
416,40
417,45
418,47
419,50
420,51
421,44
422,72
423,7
424,64
425,51
426,55
427,48
428,39
429,49
430,51
431,50
432,44
433,83
434,49
435,28
436,67
437,48
438,48
439,33
440,48
441,72
442,47
443,35
444,54
445,39
446,36
447,50
448,43
449,62
450,23
451,29
452,38
453,52
454,49
455,23
456,63
457,30
458,25
459,59
460,18
461,46
462,42
463,46
464,67
465,56
466,24
467,39
468,45
469,44
470,62
471,36
472,43
473,49
474,51
475,39
476,59
477,44
478,50
479,51
480,48
481,44
482,56
483,41
484,51
485,63
486,45
487,40
488,41
489,44
490,17
491,58
492,46
493,58
494,33
495,44
496,37
497,51
498,36
499,74
500,22
501,56
502,38
503,51
504,20
505,54
506,39
507,49
508,49
509,32
510,57
511,37
512,56
513,41
514,50
515,45
516,57
517,46
518,43
519,39
520,53
521,55
522,50
523,38
524,52
525,40
526,36
527,42
528,58
529,63
530,43
531,41
532,37
533,61
534,26
535,45
536,42
537,41
538,39
539,54
540,45
541,41
542,34
543,44
544,70
545,25
546,55
547,39
548,41
549,67
550,40
551,31
552,67
553,33
554,26
555,52
556,51
557,49
558,44
559,60
560,39
561,57
562,52
563,45
564,46
565,45
566,29
567,49
568,45
569,35
570,50
571,34
572,40
573,62
574,56
575,35
576,34
577,47
578,41
579,47
580,40
581,39
582,36
583,38
584,35
585,39
586,44
587,23
588,38
589,36
590,52
591,38
592,60
593,37
594,36
595,34
596,72
597,32
598,33
599,46
600,41
601,61
602,54
603,67
604,57
605,59
606,60
607,64
608,62
609,61
610,68
611,45
612,89
613,39
614,86
615,43
616,68
617,48
618,68
619,57
620,76
621,33
622,77
623,48
624,92
